{
	"v": "5.6.10",
	"fr": 25,
	"ip": 0,
	"op": 50,
	"w": 28,
	"h": 28,
	"nm": "Group 687",
	"ddd": 0,
	"assets": [],
	"layers": [
		{
			"ddd": 0,
			"ind": 1,
			"ty": 4,
			"nm": "形状图层 1",
			"sr": 1,
			"ks": {
				"o": {
					"a": 1,
					"k": [
						{ "i": { "x": [0.833], "y": [0.833] }, "o": { "x": [0.167], "y": [0.167] }, "t": 0, "s": [100] },
						{ "i": { "x": [0.833], "y": [0.833] }, "o": { "x": [0.167], "y": [0.167] }, "t": 25, "s": [100] },
						{ "t": 50, "s": [100] }
					],
					"ix": 11
				},
				"r": { "a": 0, "k": 0, "ix": 10 },
				"p": { "a": 0, "k": [14.076, 14.151, 0], "ix": 2 },
				"a": { "a": 0, "k": [0, 0, 0], "ix": 1 },
				"s": {
					"a": 1,
					"k": [
						{
							"i": { "x": [0.833, 0.833, 0.833], "y": [0.833, 0.833, 0.833] },
							"o": { "x": [0.167, 0.167, 0.167], "y": [0.167, 0.167, 0.167] },
							"t": 0,
							"s": [100, 100, 100]
						},
						{
							"i": { "x": [0.833, 0.833, 0.833], "y": [0.833, 0.833, 0.833] },
							"o": { "x": [0.167, 0.167, 0.167], "y": [0.167, 0.167, 0.167] },
							"t": 25,
							"s": [80, 80, 100]
						},
						{ "t": 50, "s": [100, 100, 100] }
					],
					"ix": 6
				}
			},
			"ao": 0,
			"shapes": [
				{
					"ty": "gr",
					"it": [
						{
							"d": 1,
							"ty": "el",
							"s": { "a": 0, "k": [7.796, 7.796], "ix": 2 },
							"p": { "a": 0, "k": [0, 0], "ix": 3 },
							"nm": "椭圆路径 1",
							"mn": "ADBE Vector Shape - Ellipse",
							"hd": false
						},
						{
							"ty": "fl",
							"c": { "a": 0, "k": [0.317202818627, 0.634215829887, 1, 1], "ix": 4 },
							"o": { "a": 0, "k": 100, "ix": 5 },
							"r": 1,
							"bm": 0,
							"nm": "填充 1",
							"mn": "ADBE Vector Graphic - Fill",
							"hd": false
						},
						{
							"ty": "tr",
							"p": { "a": 0, "k": [0.125, 0.25], "ix": 2 },
							"a": { "a": 0, "k": [0, 0], "ix": 1 },
							"s": { "a": 0, "k": [100, 100], "ix": 3 },
							"r": { "a": 0, "k": 0, "ix": 6 },
							"o": { "a": 0, "k": 100, "ix": 7 },
							"sk": { "a": 0, "k": 0, "ix": 4 },
							"sa": { "a": 0, "k": 0, "ix": 5 },
							"nm": "变换"
						}
					],
					"nm": "椭圆 1",
					"np": 3,
					"cix": 2,
					"bm": 0,
					"ix": 1,
					"mn": "ADBE Vector Group",
					"hd": false
				}
			],
			"ip": 0,
			"op": 135,
			"st": 0,
			"bm": 0
		},
		{
			"ddd": 0,
			"ind": 2,
			"ty": 4,
			"nm": "形状图层 2",
			"sr": 1,
			"ks": {
				"o": {
					"a": 1,
					"k": [
						{ "i": { "x": [0.833], "y": [0.833] }, "o": { "x": [0.167], "y": [0.167] }, "t": 0, "s": [30] },
						{ "i": { "x": [0.833], "y": [0.833] }, "o": { "x": [0.167], "y": [0.167] }, "t": 25, "s": [14] },
						{ "t": 50, "s": [30] }
					],
					"ix": 11
				},
				"r": { "a": 0, "k": 0, "ix": 10 },
				"p": { "a": 0, "k": [13.924, 13.849, 0], "ix": 2 },
				"a": { "a": 0, "k": [0, 0, 0], "ix": 1 },
				"s": {
					"a": 1,
					"k": [
						{
							"i": { "x": [0.833, 0.833, 0.833], "y": [0.833, 0.833, 0.833] },
							"o": { "x": [0.167, 0.167, 0.167], "y": [0.167, 0.167, 0.167] },
							"t": 0,
							"s": [221.18, 221.18, 100]
						},
						{
							"i": { "x": [0.833, 0.833, 0.833], "y": [0.833, 0.833, 0.833] },
							"o": { "x": [0.167, 0.167, 0.167], "y": [0.167, 0.167, 0.167] },
							"t": 25,
							"s": [118.18, 118.18, 100]
						},
						{ "t": 50, "s": [221.18, 221.18, 100] }
					],
					"ix": 6
				}
			},
			"ao": 0,
			"shapes": [
				{
					"ty": "gr",
					"it": [
						{
							"d": 1,
							"ty": "el",
							"s": { "a": 0, "k": [7.796, 7.796], "ix": 2 },
							"p": { "a": 0, "k": [0, 0], "ix": 3 },
							"nm": "椭圆路径 1",
							"mn": "ADBE Vector Shape - Ellipse",
							"hd": false
						},
						{
							"ty": "fl",
							"c": { "a": 0, "k": [0.2, 0.556862745098, 0.96862745098, 1], "ix": 4 },
							"o": { "a": 0, "k": 100, "ix": 5 },
							"r": 1,
							"bm": 0,
							"nm": "填充 1",
							"mn": "ADBE Vector Graphic - Fill",
							"hd": false
						},
						{
							"ty": "tr",
							"p": { "a": 0, "k": [0.125, 0.25], "ix": 2 },
							"a": { "a": 0, "k": [0, 0], "ix": 1 },
							"s": { "a": 0, "k": [100, 100], "ix": 3 },
							"r": { "a": 0, "k": 0, "ix": 6 },
							"o": { "a": 0, "k": 100, "ix": 7 },
							"sk": { "a": 0, "k": 0, "ix": 4 },
							"sa": { "a": 0, "k": 0, "ix": 5 },
							"nm": "变换"
						}
					],
					"nm": "椭圆 1",
					"np": 3,
					"cix": 2,
					"bm": 0,
					"ix": 1,
					"mn": "ADBE Vector Group",
					"hd": false
				}
			],
			"ip": 0,
			"op": 135,
			"st": 0,
			"bm": 0
		}
	],
	"markers": []
}
