{
	"v": "5.6.10",
	"fr": 30,
	"ip": 0,
	"op": 141,
	"w": 72,
	"h": 72,
	"nm": "示例 2",
	"ddd": 0,
	"assets": [
		{ "id": "imgSeq_0", "w": 72, "h": 72, "t": "seq", "u": "images/", "p": "seq_0_0.png", "e": 0 },
		{ "id": "imgSeq_1", "w": 72, "h": 72, "t": "seq", "u": "images/", "p": "seq_0_1.png", "e": 0 },
		{ "id": "imgSeq_2", "w": 72, "h": 72, "t": "seq", "u": "images/", "p": "seq_0_2.png", "e": 0 },
		{ "id": "imgSeq_3", "w": 72, "h": 72, "t": "seq", "u": "images/", "p": "seq_0_3.png", "e": 0 },
		{ "id": "imgSeq_4", "w": 72, "h": 72, "t": "seq", "u": "images/", "p": "seq_0_4.png", "e": 0 },
		{ "id": "imgSeq_5", "w": 72, "h": 72, "t": "seq", "u": "images/", "p": "seq_0_5.png", "e": 0 },
		{ "id": "imgSeq_6", "w": 72, "h": 72, "t": "seq", "u": "images/", "p": "seq_0_6.png", "e": 0 },
		{ "id": "imgSeq_7", "w": 72, "h": 72, "t": "seq", "u": "images/", "p": "seq_0_7.png", "e": 0 },
		{ "id": "imgSeq_8", "w": 72, "h": 72, "t": "seq", "u": "images/", "p": "seq_0_8.png", "e": 0 },
		{ "id": "imgSeq_9", "w": 72, "h": 72, "t": "seq", "u": "images/", "p": "seq_0_9.png", "e": 0 },
		{ "id": "imgSeq_10", "w": 72, "h": 72, "t": "seq", "u": "images/", "p": "seq_0_10.png", "e": 0 },
		{ "id": "imgSeq_11", "w": 72, "h": 72, "t": "seq", "u": "images/", "p": "seq_0_11.png", "e": 0 },
		{ "id": "imgSeq_12", "w": 72, "h": 72, "t": "seq", "u": "images/", "p": "seq_0_12.png", "e": 0 },
		{ "id": "imgSeq_13", "w": 72, "h": 72, "t": "seq", "u": "images/", "p": "seq_0_13.png", "e": 0 },
		{ "id": "imgSeq_14", "w": 72, "h": 72, "t": "seq", "u": "images/", "p": "seq_0_14.png", "e": 0 },
		{ "id": "imgSeq_15", "w": 72, "h": 72, "t": "seq", "u": "images/", "p": "seq_0_15.png", "e": 0 },
		{ "id": "imgSeq_16", "w": 72, "h": 72, "t": "seq", "u": "images/", "p": "seq_0_16.png", "e": 0 },
		{ "id": "imgSeq_17", "w": 72, "h": 72, "t": "seq", "u": "images/", "p": "seq_0_17.png", "e": 0 },
		{ "id": "imgSeq_18", "w": 72, "h": 72, "t": "seq", "u": "images/", "p": "seq_0_18.png", "e": 0 },
		{ "id": "imgSeq_19", "w": 72, "h": 72, "t": "seq", "u": "images/", "p": "seq_0_19.png", "e": 0 },
		{ "id": "imgSeq_20", "w": 72, "h": 72, "t": "seq", "u": "images/", "p": "seq_0_20.png", "e": 0 },
		{ "id": "imgSeq_21", "w": 72, "h": 72, "t": "seq", "u": "images/", "p": "seq_0_21.png", "e": 0 },
		{ "id": "imgSeq_22", "w": 72, "h": 72, "t": "seq", "u": "images/", "p": "seq_0_22.png", "e": 0 },
		{ "id": "imgSeq_23", "w": 72, "h": 72, "t": "seq", "u": "images/", "p": "seq_0_23.png", "e": 0 },
		{ "id": "imgSeq_24", "w": 72, "h": 72, "t": "seq", "u": "images/", "p": "seq_0_24.png", "e": 0 },
		{ "id": "imgSeq_25", "w": 72, "h": 72, "t": "seq", "u": "images/", "p": "seq_0_25.png", "e": 0 },
		{ "id": "imgSeq_26", "w": 72, "h": 72, "t": "seq", "u": "images/", "p": "seq_0_26.png", "e": 0 },
		{ "id": "imgSeq_27", "w": 72, "h": 72, "t": "seq", "u": "images/", "p": "seq_0_27.png", "e": 0 },
		{ "id": "imgSeq_28", "w": 72, "h": 72, "t": "seq", "u": "images/", "p": "seq_0_28.png", "e": 0 },
		{ "id": "imgSeq_29", "w": 72, "h": 72, "t": "seq", "u": "images/", "p": "seq_0_29.png", "e": 0 },
		{ "id": "imgSeq_30", "w": 72, "h": 72, "t": "seq", "u": "images/", "p": "seq_0_30.png", "e": 0 },
		{ "id": "imgSeq_31", "w": 72, "h": 72, "t": "seq", "u": "images/", "p": "seq_0_31.png", "e": 0 },
		{ "id": "imgSeq_32", "w": 72, "h": 72, "t": "seq", "u": "images/", "p": "seq_0_32.png", "e": 0 },
		{ "id": "imgSeq_33", "w": 72, "h": 72, "t": "seq", "u": "images/", "p": "seq_0_33.png", "e": 0 },
		{ "id": "imgSeq_34", "w": 72, "h": 72, "t": "seq", "u": "images/", "p": "seq_0_34.png", "e": 0 },
		{ "id": "imgSeq_35", "w": 72, "h": 72, "t": "seq", "u": "images/", "p": "seq_0_35.png", "e": 0 },
		{ "id": "imgSeq_36", "w": 72, "h": 72, "t": "seq", "u": "images/", "p": "seq_0_36.png", "e": 0 },
		{ "id": "imgSeq_37", "w": 72, "h": 72, "t": "seq", "u": "images/", "p": "seq_0_37.png", "e": 0 },
		{ "id": "imgSeq_38", "w": 72, "h": 72, "t": "seq", "u": "images/", "p": "seq_0_38.png", "e": 0 },
		{ "id": "imgSeq_39", "w": 72, "h": 72, "t": "seq", "u": "images/", "p": "seq_0_39.png", "e": 0 },
		{ "id": "imgSeq_40", "w": 72, "h": 72, "t": "seq", "u": "images/", "p": "seq_0_40.png", "e": 0 },
		{ "id": "imgSeq_41", "w": 72, "h": 72, "t": "seq", "u": "images/", "p": "seq_0_41.png", "e": 0 },
		{ "id": "imgSeq_42", "w": 72, "h": 72, "t": "seq", "u": "images/", "p": "seq_0_42.png", "e": 0 },
		{ "id": "imgSeq_43", "w": 72, "h": 72, "t": "seq", "u": "images/", "p": "seq_0_43.png", "e": 0 },
		{ "id": "imgSeq_44", "w": 72, "h": 72, "t": "seq", "u": "images/", "p": "seq_0_44.png", "e": 0 },
		{ "id": "imgSeq_45", "w": 72, "h": 72, "t": "seq", "u": "images/", "p": "seq_0_45.png", "e": 0 },
		{ "id": "imgSeq_46", "w": 72, "h": 72, "t": "seq", "u": "images/", "p": "seq_0_46.png", "e": 0 },
		{ "id": "imgSeq_47", "w": 72, "h": 72, "t": "seq", "u": "images/", "p": "seq_0_47.png", "e": 0 },
		{ "id": "imgSeq_48", "w": 72, "h": 72, "t": "seq", "u": "images/", "p": "seq_0_48.png", "e": 0 },
		{ "id": "imgSeq_49", "w": 72, "h": 72, "t": "seq", "u": "images/", "p": "seq_0_49.png", "e": 0 },
		{ "id": "imgSeq_50", "w": 72, "h": 72, "t": "seq", "u": "images/", "p": "seq_0_50.png", "e": 0 },
		{ "id": "imgSeq_51", "w": 72, "h": 72, "t": "seq", "u": "images/", "p": "seq_0_51.png", "e": 0 },
		{ "id": "imgSeq_52", "w": 72, "h": 72, "t": "seq", "u": "images/", "p": "seq_0_52.png", "e": 0 },
		{ "id": "imgSeq_53", "w": 72, "h": 72, "t": "seq", "u": "images/", "p": "seq_0_53.png", "e": 0 },
		{ "id": "imgSeq_54", "w": 72, "h": 72, "t": "seq", "u": "images/", "p": "seq_0_54.png", "e": 0 },
		{ "id": "imgSeq_55", "w": 72, "h": 72, "t": "seq", "u": "images/", "p": "seq_0_55.png", "e": 0 },
		{ "id": "imgSeq_56", "w": 72, "h": 72, "t": "seq", "u": "images/", "p": "seq_0_56.png", "e": 0 },
		{ "id": "imgSeq_57", "w": 72, "h": 72, "t": "seq", "u": "images/", "p": "seq_0_57.png", "e": 0 },
		{ "id": "imgSeq_58", "w": 72, "h": 72, "t": "seq", "u": "images/", "p": "seq_0_58.png", "e": 0 },
		{ "id": "imgSeq_59", "w": 72, "h": 72, "t": "seq", "u": "images/", "p": "seq_0_59.png", "e": 0 },
		{ "id": "imgSeq_60", "w": 72, "h": 72, "t": "seq", "u": "images/", "p": "seq_0_60.png", "e": 0 },
		{ "id": "imgSeq_61", "w": 72, "h": 72, "t": "seq", "u": "images/", "p": "seq_0_61.png", "e": 0 },
		{ "id": "imgSeq_62", "w": 72, "h": 72, "t": "seq", "u": "images/", "p": "seq_0_62.png", "e": 0 },
		{ "id": "imgSeq_63", "w": 72, "h": 72, "t": "seq", "u": "images/", "p": "seq_0_63.png", "e": 0 },
		{ "id": "imgSeq_64", "w": 72, "h": 72, "t": "seq", "u": "images/", "p": "seq_0_64.png", "e": 0 },
		{ "id": "imgSeq_65", "w": 72, "h": 72, "t": "seq", "u": "images/", "p": "seq_0_65.png", "e": 0 },
		{ "id": "imgSeq_66", "w": 72, "h": 72, "t": "seq", "u": "images/", "p": "seq_0_66.png", "e": 0 },
		{ "id": "imgSeq_67", "w": 72, "h": 72, "t": "seq", "u": "images/", "p": "seq_0_67.png", "e": 0 },
		{ "id": "imgSeq_68", "w": 72, "h": 72, "t": "seq", "u": "images/", "p": "seq_0_68.png", "e": 0 },
		{ "id": "imgSeq_69", "w": 72, "h": 72, "t": "seq", "u": "images/", "p": "seq_0_69.png", "e": 0 },
		{ "id": "imgSeq_70", "w": 72, "h": 72, "t": "seq", "u": "images/", "p": "seq_0_70.png", "e": 0 },
		{ "id": "imgSeq_71", "w": 72, "h": 72, "t": "seq", "u": "images/", "p": "seq_0_71.png", "e": 0 },
		{ "id": "imgSeq_72", "w": 72, "h": 72, "t": "seq", "u": "images/", "p": "seq_0_72.png", "e": 0 },
		{ "id": "imgSeq_73", "w": 72, "h": 72, "t": "seq", "u": "images/", "p": "seq_0_73.png", "e": 0 },
		{ "id": "imgSeq_74", "w": 72, "h": 72, "t": "seq", "u": "images/", "p": "seq_0_74.png", "e": 0 },
		{ "id": "imgSeq_75", "w": 72, "h": 72, "t": "seq", "u": "images/", "p": "seq_0_75.png", "e": 0 },
		{ "id": "imgSeq_76", "w": 72, "h": 72, "t": "seq", "u": "images/", "p": "seq_0_76.png", "e": 0 },
		{ "id": "imgSeq_77", "w": 72, "h": 72, "t": "seq", "u": "images/", "p": "seq_0_77.png", "e": 0 },
		{ "id": "imgSeq_78", "w": 72, "h": 72, "t": "seq", "u": "images/", "p": "seq_0_78.png", "e": 0 },
		{ "id": "imgSeq_79", "w": 72, "h": 72, "t": "seq", "u": "images/", "p": "seq_0_79.png", "e": 0 },
		{ "id": "imgSeq_80", "w": 72, "h": 72, "t": "seq", "u": "images/", "p": "seq_0_80.png", "e": 0 },
		{ "id": "imgSeq_81", "w": 72, "h": 72, "t": "seq", "u": "images/", "p": "seq_0_81.png", "e": 0 },
		{ "id": "imgSeq_82", "w": 72, "h": 72, "t": "seq", "u": "images/", "p": "seq_0_82.png", "e": 0 },
		{ "id": "imgSeq_83", "w": 72, "h": 72, "t": "seq", "u": "images/", "p": "seq_0_83.png", "e": 0 },
		{ "id": "imgSeq_84", "w": 72, "h": 72, "t": "seq", "u": "images/", "p": "seq_0_84.png", "e": 0 },
		{ "id": "imgSeq_85", "w": 72, "h": 72, "t": "seq", "u": "images/", "p": "seq_0_85.png", "e": 0 },
		{ "id": "imgSeq_86", "w": 72, "h": 72, "t": "seq", "u": "images/", "p": "seq_0_86.png", "e": 0 },
		{ "id": "imgSeq_87", "w": 72, "h": 72, "t": "seq", "u": "images/", "p": "seq_0_87.png", "e": 0 },
		{ "id": "imgSeq_88", "w": 72, "h": 72, "t": "seq", "u": "images/", "p": "seq_0_88.png", "e": 0 },
		{ "id": "imgSeq_89", "w": 72, "h": 72, "t": "seq", "u": "images/", "p": "seq_0_89.png", "e": 0 },
		{ "id": "imgSeq_90", "w": 72, "h": 72, "t": "seq", "u": "images/", "p": "seq_0_90.png", "e": 0 },
		{ "id": "imgSeq_91", "w": 72, "h": 72, "t": "seq", "u": "images/", "p": "seq_0_91.png", "e": 0 },
		{ "id": "imgSeq_92", "w": 72, "h": 72, "t": "seq", "u": "images/", "p": "seq_0_92.png", "e": 0 },
		{ "id": "imgSeq_93", "w": 72, "h": 72, "t": "seq", "u": "images/", "p": "seq_0_93.png", "e": 0 },
		{ "id": "imgSeq_94", "w": 72, "h": 72, "t": "seq", "u": "images/", "p": "seq_0_94.png", "e": 0 },
		{ "id": "imgSeq_95", "w": 72, "h": 72, "t": "seq", "u": "images/", "p": "seq_0_95.png", "e": 0 },
		{ "id": "imgSeq_96", "w": 72, "h": 72, "t": "seq", "u": "images/", "p": "seq_0_96.png", "e": 0 },
		{ "id": "imgSeq_97", "w": 72, "h": 72, "t": "seq", "u": "images/", "p": "seq_0_97.png", "e": 0 },
		{ "id": "imgSeq_98", "w": 72, "h": 72, "t": "seq", "u": "images/", "p": "seq_0_98.png", "e": 0 },
		{ "id": "imgSeq_99", "w": 72, "h": 72, "t": "seq", "u": "images/", "p": "seq_0_99.png", "e": 0 },
		{ "id": "imgSeq_100", "w": 72, "h": 72, "t": "seq", "u": "images/", "p": "seq_0_100.png", "e": 0 },
		{ "id": "imgSeq_101", "w": 72, "h": 72, "t": "seq", "u": "images/", "p": "seq_0_101.png", "e": 0 },
		{ "id": "imgSeq_102", "w": 72, "h": 72, "t": "seq", "u": "images/", "p": "seq_0_102.png", "e": 0 },
		{ "id": "imgSeq_103", "w": 72, "h": 72, "t": "seq", "u": "images/", "p": "seq_0_103.png", "e": 0 },
		{ "id": "imgSeq_104", "w": 72, "h": 72, "t": "seq", "u": "images/", "p": "seq_0_104.png", "e": 0 },
		{ "id": "imgSeq_105", "w": 72, "h": 72, "t": "seq", "u": "images/", "p": "seq_0_105.png", "e": 0 },
		{ "id": "imgSeq_106", "w": 72, "h": 72, "t": "seq", "u": "images/", "p": "seq_0_106.png", "e": 0 },
		{ "id": "imgSeq_107", "w": 72, "h": 72, "t": "seq", "u": "images/", "p": "seq_0_107.png", "e": 0 },
		{ "id": "imgSeq_108", "w": 72, "h": 72, "t": "seq", "u": "images/", "p": "seq_0_108.png", "e": 0 },
		{ "id": "imgSeq_109", "w": 72, "h": 72, "t": "seq", "u": "images/", "p": "seq_0_109.png", "e": 0 },
		{ "id": "imgSeq_110", "w": 72, "h": 72, "t": "seq", "u": "images/", "p": "seq_0_110.png", "e": 0 },
		{ "id": "imgSeq_111", "w": 72, "h": 72, "t": "seq", "u": "images/", "p": "seq_0_111.png", "e": 0 },
		{ "id": "imgSeq_112", "w": 72, "h": 72, "t": "seq", "u": "images/", "p": "seq_0_112.png", "e": 0 },
		{ "id": "imgSeq_113", "w": 72, "h": 72, "t": "seq", "u": "images/", "p": "seq_0_113.png", "e": 0 },
		{ "id": "imgSeq_114", "w": 72, "h": 72, "t": "seq", "u": "images/", "p": "seq_0_114.png", "e": 0 },
		{ "id": "imgSeq_115", "w": 72, "h": 72, "t": "seq", "u": "images/", "p": "seq_0_115.png", "e": 0 },
		{ "id": "imgSeq_116", "w": 72, "h": 72, "t": "seq", "u": "images/", "p": "seq_0_116.png", "e": 0 },
		{ "id": "imgSeq_117", "w": 72, "h": 72, "t": "seq", "u": "images/", "p": "seq_0_117.png", "e": 0 },
		{ "id": "imgSeq_118", "w": 72, "h": 72, "t": "seq", "u": "images/", "p": "seq_0_118.png", "e": 0 },
		{ "id": "imgSeq_119", "w": 72, "h": 72, "t": "seq", "u": "images/", "p": "seq_0_119.png", "e": 0 },
		{ "id": "imgSeq_120", "w": 72, "h": 72, "t": "seq", "u": "images/", "p": "seq_0_120.png", "e": 0 },
		{ "id": "imgSeq_121", "w": 72, "h": 72, "t": "seq", "u": "images/", "p": "seq_0_121.png", "e": 0 },
		{ "id": "imgSeq_122", "w": 72, "h": 72, "t": "seq", "u": "images/", "p": "seq_0_122.png", "e": 0 },
		{ "id": "imgSeq_123", "w": 72, "h": 72, "t": "seq", "u": "images/", "p": "seq_0_123.png", "e": 0 },
		{ "id": "imgSeq_124", "w": 72, "h": 72, "t": "seq", "u": "images/", "p": "seq_0_124.png", "e": 0 },
		{ "id": "imgSeq_125", "w": 72, "h": 72, "t": "seq", "u": "images/", "p": "seq_0_125.png", "e": 0 },
		{ "id": "imgSeq_126", "w": 72, "h": 72, "t": "seq", "u": "images/", "p": "seq_0_126.png", "e": 0 },
		{ "id": "imgSeq_127", "w": 72, "h": 72, "t": "seq", "u": "images/", "p": "seq_0_127.png", "e": 0 },
		{ "id": "imgSeq_128", "w": 72, "h": 72, "t": "seq", "u": "images/", "p": "seq_0_128.png", "e": 0 },
		{ "id": "imgSeq_129", "w": 72, "h": 72, "t": "seq", "u": "images/", "p": "seq_0_129.png", "e": 0 },
		{ "id": "imgSeq_130", "w": 72, "h": 72, "t": "seq", "u": "images/", "p": "seq_0_130.png", "e": 0 },
		{ "id": "imgSeq_131", "w": 72, "h": 72, "t": "seq", "u": "images/", "p": "seq_0_131.png", "e": 0 },
		{ "id": "imgSeq_132", "w": 72, "h": 72, "t": "seq", "u": "images/", "p": "seq_0_132.png", "e": 0 },
		{ "id": "imgSeq_133", "w": 72, "h": 72, "t": "seq", "u": "images/", "p": "seq_0_133.png", "e": 0 },
		{ "id": "imgSeq_134", "w": 72, "h": 72, "t": "seq", "u": "images/", "p": "seq_0_134.png", "e": 0 },
		{ "id": "imgSeq_135", "w": 72, "h": 72, "t": "seq", "u": "images/", "p": "seq_0_135.png", "e": 0 },
		{ "id": "imgSeq_136", "w": 72, "h": 72, "t": "seq", "u": "images/", "p": "seq_0_136.png", "e": 0 },
		{ "id": "imgSeq_137", "w": 72, "h": 72, "t": "seq", "u": "images/", "p": "seq_0_137.png", "e": 0 },
		{ "id": "imgSeq_138", "w": 72, "h": 72, "t": "seq", "u": "images/", "p": "seq_0_138.png", "e": 0 },
		{ "id": "imgSeq_139", "w": 72, "h": 72, "t": "seq", "u": "images/", "p": "seq_0_139.png", "e": 0 },
		{ "id": "imgSeq_140", "w": 72, "h": 72, "t": "seq", "u": "images/", "p": "seq_0_140.png", "e": 0 },
		{
			"id": "sequence_0",
			"layers": [
				{
					"ty": 2,
					"sc": "#00ffff",
					"refId": "imgSeq_0",
					"ks": {
						"p": { "a": 0, "k": [0, 0] },
						"a": { "a": 0, "k": [0, 0] },
						"s": { "a": 0, "k": [100, 100] },
						"r": { "a": 0, "k": [0] },
						"o": { "a": 0, "k": [100] }
					},
					"ip": 0,
					"st": 0,
					"op": 1,
					"sr": 1,
					"bm": 0
				},
				{
					"ty": 2,
					"sc": "#00ffff",
					"refId": "imgSeq_1",
					"ks": {
						"p": { "a": 0, "k": [0, 0] },
						"a": { "a": 0, "k": [0, 0] },
						"s": { "a": 0, "k": [100, 100] },
						"r": { "a": 0, "k": [0] },
						"o": { "a": 0, "k": [100] }
					},
					"ip": 1,
					"st": 1,
					"op": 2,
					"sr": 1,
					"bm": 0
				},
				{
					"ty": 2,
					"sc": "#00ffff",
					"refId": "imgSeq_2",
					"ks": {
						"p": { "a": 0, "k": [0, 0] },
						"a": { "a": 0, "k": [0, 0] },
						"s": { "a": 0, "k": [100, 100] },
						"r": { "a": 0, "k": [0] },
						"o": { "a": 0, "k": [100] }
					},
					"ip": 2,
					"st": 2,
					"op": 3,
					"sr": 1,
					"bm": 0
				},
				{
					"ty": 2,
					"sc": "#00ffff",
					"refId": "imgSeq_3",
					"ks": {
						"p": { "a": 0, "k": [0, 0] },
						"a": { "a": 0, "k": [0, 0] },
						"s": { "a": 0, "k": [100, 100] },
						"r": { "a": 0, "k": [0] },
						"o": { "a": 0, "k": [100] }
					},
					"ip": 3,
					"st": 3,
					"op": 4,
					"sr": 1,
					"bm": 0
				},
				{
					"ty": 2,
					"sc": "#00ffff",
					"refId": "imgSeq_4",
					"ks": {
						"p": { "a": 0, "k": [0, 0] },
						"a": { "a": 0, "k": [0, 0] },
						"s": { "a": 0, "k": [100, 100] },
						"r": { "a": 0, "k": [0] },
						"o": { "a": 0, "k": [100] }
					},
					"ip": 4,
					"st": 4,
					"op": 5,
					"sr": 1,
					"bm": 0
				},
				{
					"ty": 2,
					"sc": "#00ffff",
					"refId": "imgSeq_5",
					"ks": {
						"p": { "a": 0, "k": [0, 0] },
						"a": { "a": 0, "k": [0, 0] },
						"s": { "a": 0, "k": [100, 100] },
						"r": { "a": 0, "k": [0] },
						"o": { "a": 0, "k": [100] }
					},
					"ip": 5,
					"st": 5,
					"op": 6,
					"sr": 1,
					"bm": 0
				},
				{
					"ty": 2,
					"sc": "#00ffff",
					"refId": "imgSeq_6",
					"ks": {
						"p": { "a": 0, "k": [0, 0] },
						"a": { "a": 0, "k": [0, 0] },
						"s": { "a": 0, "k": [100, 100] },
						"r": { "a": 0, "k": [0] },
						"o": { "a": 0, "k": [100] }
					},
					"ip": 6,
					"st": 6,
					"op": 7,
					"sr": 1,
					"bm": 0
				},
				{
					"ty": 2,
					"sc": "#00ffff",
					"refId": "imgSeq_7",
					"ks": {
						"p": { "a": 0, "k": [0, 0] },
						"a": { "a": 0, "k": [0, 0] },
						"s": { "a": 0, "k": [100, 100] },
						"r": { "a": 0, "k": [0] },
						"o": { "a": 0, "k": [100] }
					},
					"ip": 7,
					"st": 7,
					"op": 8,
					"sr": 1,
					"bm": 0
				},
				{
					"ty": 2,
					"sc": "#00ffff",
					"refId": "imgSeq_8",
					"ks": {
						"p": { "a": 0, "k": [0, 0] },
						"a": { "a": 0, "k": [0, 0] },
						"s": { "a": 0, "k": [100, 100] },
						"r": { "a": 0, "k": [0] },
						"o": { "a": 0, "k": [100] }
					},
					"ip": 8,
					"st": 8,
					"op": 9,
					"sr": 1,
					"bm": 0
				},
				{
					"ty": 2,
					"sc": "#00ffff",
					"refId": "imgSeq_9",
					"ks": {
						"p": { "a": 0, "k": [0, 0] },
						"a": { "a": 0, "k": [0, 0] },
						"s": { "a": 0, "k": [100, 100] },
						"r": { "a": 0, "k": [0] },
						"o": { "a": 0, "k": [100] }
					},
					"ip": 9,
					"st": 9,
					"op": 10,
					"sr": 1,
					"bm": 0
				},
				{
					"ty": 2,
					"sc": "#00ffff",
					"refId": "imgSeq_10",
					"ks": {
						"p": { "a": 0, "k": [0, 0] },
						"a": { "a": 0, "k": [0, 0] },
						"s": { "a": 0, "k": [100, 100] },
						"r": { "a": 0, "k": [0] },
						"o": { "a": 0, "k": [100] }
					},
					"ip": 10,
					"st": 10,
					"op": 11,
					"sr": 1,
					"bm": 0
				},
				{
					"ty": 2,
					"sc": "#00ffff",
					"refId": "imgSeq_11",
					"ks": {
						"p": { "a": 0, "k": [0, 0] },
						"a": { "a": 0, "k": [0, 0] },
						"s": { "a": 0, "k": [100, 100] },
						"r": { "a": 0, "k": [0] },
						"o": { "a": 0, "k": [100] }
					},
					"ip": 11,
					"st": 11,
					"op": 12,
					"sr": 1,
					"bm": 0
				},
				{
					"ty": 2,
					"sc": "#00ffff",
					"refId": "imgSeq_12",
					"ks": {
						"p": { "a": 0, "k": [0, 0] },
						"a": { "a": 0, "k": [0, 0] },
						"s": { "a": 0, "k": [100, 100] },
						"r": { "a": 0, "k": [0] },
						"o": { "a": 0, "k": [100] }
					},
					"ip": 12,
					"st": 12,
					"op": 13,
					"sr": 1,
					"bm": 0
				},
				{
					"ty": 2,
					"sc": "#00ffff",
					"refId": "imgSeq_13",
					"ks": {
						"p": { "a": 0, "k": [0, 0] },
						"a": { "a": 0, "k": [0, 0] },
						"s": { "a": 0, "k": [100, 100] },
						"r": { "a": 0, "k": [0] },
						"o": { "a": 0, "k": [100] }
					},
					"ip": 13,
					"st": 13,
					"op": 14,
					"sr": 1,
					"bm": 0
				},
				{
					"ty": 2,
					"sc": "#00ffff",
					"refId": "imgSeq_14",
					"ks": {
						"p": { "a": 0, "k": [0, 0] },
						"a": { "a": 0, "k": [0, 0] },
						"s": { "a": 0, "k": [100, 100] },
						"r": { "a": 0, "k": [0] },
						"o": { "a": 0, "k": [100] }
					},
					"ip": 14,
					"st": 14,
					"op": 15,
					"sr": 1,
					"bm": 0
				},
				{
					"ty": 2,
					"sc": "#00ffff",
					"refId": "imgSeq_15",
					"ks": {
						"p": { "a": 0, "k": [0, 0] },
						"a": { "a": 0, "k": [0, 0] },
						"s": { "a": 0, "k": [100, 100] },
						"r": { "a": 0, "k": [0] },
						"o": { "a": 0, "k": [100] }
					},
					"ip": 15,
					"st": 15,
					"op": 16,
					"sr": 1,
					"bm": 0
				},
				{
					"ty": 2,
					"sc": "#00ffff",
					"refId": "imgSeq_16",
					"ks": {
						"p": { "a": 0, "k": [0, 0] },
						"a": { "a": 0, "k": [0, 0] },
						"s": { "a": 0, "k": [100, 100] },
						"r": { "a": 0, "k": [0] },
						"o": { "a": 0, "k": [100] }
					},
					"ip": 16,
					"st": 16,
					"op": 17,
					"sr": 1,
					"bm": 0
				},
				{
					"ty": 2,
					"sc": "#00ffff",
					"refId": "imgSeq_17",
					"ks": {
						"p": { "a": 0, "k": [0, 0] },
						"a": { "a": 0, "k": [0, 0] },
						"s": { "a": 0, "k": [100, 100] },
						"r": { "a": 0, "k": [0] },
						"o": { "a": 0, "k": [100] }
					},
					"ip": 17,
					"st": 17,
					"op": 18,
					"sr": 1,
					"bm": 0
				},
				{
					"ty": 2,
					"sc": "#00ffff",
					"refId": "imgSeq_18",
					"ks": {
						"p": { "a": 0, "k": [0, 0] },
						"a": { "a": 0, "k": [0, 0] },
						"s": { "a": 0, "k": [100, 100] },
						"r": { "a": 0, "k": [0] },
						"o": { "a": 0, "k": [100] }
					},
					"ip": 18,
					"st": 18,
					"op": 19,
					"sr": 1,
					"bm": 0
				},
				{
					"ty": 2,
					"sc": "#00ffff",
					"refId": "imgSeq_19",
					"ks": {
						"p": { "a": 0, "k": [0, 0] },
						"a": { "a": 0, "k": [0, 0] },
						"s": { "a": 0, "k": [100, 100] },
						"r": { "a": 0, "k": [0] },
						"o": { "a": 0, "k": [100] }
					},
					"ip": 19,
					"st": 19,
					"op": 20,
					"sr": 1,
					"bm": 0
				},
				{
					"ty": 2,
					"sc": "#00ffff",
					"refId": "imgSeq_20",
					"ks": {
						"p": { "a": 0, "k": [0, 0] },
						"a": { "a": 0, "k": [0, 0] },
						"s": { "a": 0, "k": [100, 100] },
						"r": { "a": 0, "k": [0] },
						"o": { "a": 0, "k": [100] }
					},
					"ip": 20,
					"st": 20,
					"op": 21,
					"sr": 1,
					"bm": 0
				},
				{
					"ty": 2,
					"sc": "#00ffff",
					"refId": "imgSeq_21",
					"ks": {
						"p": { "a": 0, "k": [0, 0] },
						"a": { "a": 0, "k": [0, 0] },
						"s": { "a": 0, "k": [100, 100] },
						"r": { "a": 0, "k": [0] },
						"o": { "a": 0, "k": [100] }
					},
					"ip": 21,
					"st": 21,
					"op": 22,
					"sr": 1,
					"bm": 0
				},
				{
					"ty": 2,
					"sc": "#00ffff",
					"refId": "imgSeq_22",
					"ks": {
						"p": { "a": 0, "k": [0, 0] },
						"a": { "a": 0, "k": [0, 0] },
						"s": { "a": 0, "k": [100, 100] },
						"r": { "a": 0, "k": [0] },
						"o": { "a": 0, "k": [100] }
					},
					"ip": 22,
					"st": 22,
					"op": 23,
					"sr": 1,
					"bm": 0
				},
				{
					"ty": 2,
					"sc": "#00ffff",
					"refId": "imgSeq_23",
					"ks": {
						"p": { "a": 0, "k": [0, 0] },
						"a": { "a": 0, "k": [0, 0] },
						"s": { "a": 0, "k": [100, 100] },
						"r": { "a": 0, "k": [0] },
						"o": { "a": 0, "k": [100] }
					},
					"ip": 23,
					"st": 23,
					"op": 24,
					"sr": 1,
					"bm": 0
				},
				{
					"ty": 2,
					"sc": "#00ffff",
					"refId": "imgSeq_24",
					"ks": {
						"p": { "a": 0, "k": [0, 0] },
						"a": { "a": 0, "k": [0, 0] },
						"s": { "a": 0, "k": [100, 100] },
						"r": { "a": 0, "k": [0] },
						"o": { "a": 0, "k": [100] }
					},
					"ip": 24,
					"st": 24,
					"op": 25,
					"sr": 1,
					"bm": 0
				},
				{
					"ty": 2,
					"sc": "#00ffff",
					"refId": "imgSeq_25",
					"ks": {
						"p": { "a": 0, "k": [0, 0] },
						"a": { "a": 0, "k": [0, 0] },
						"s": { "a": 0, "k": [100, 100] },
						"r": { "a": 0, "k": [0] },
						"o": { "a": 0, "k": [100] }
					},
					"ip": 25,
					"st": 25,
					"op": 26,
					"sr": 1,
					"bm": 0
				},
				{
					"ty": 2,
					"sc": "#00ffff",
					"refId": "imgSeq_26",
					"ks": {
						"p": { "a": 0, "k": [0, 0] },
						"a": { "a": 0, "k": [0, 0] },
						"s": { "a": 0, "k": [100, 100] },
						"r": { "a": 0, "k": [0] },
						"o": { "a": 0, "k": [100] }
					},
					"ip": 26,
					"st": 26,
					"op": 27,
					"sr": 1,
					"bm": 0
				},
				{
					"ty": 2,
					"sc": "#00ffff",
					"refId": "imgSeq_27",
					"ks": {
						"p": { "a": 0, "k": [0, 0] },
						"a": { "a": 0, "k": [0, 0] },
						"s": { "a": 0, "k": [100, 100] },
						"r": { "a": 0, "k": [0] },
						"o": { "a": 0, "k": [100] }
					},
					"ip": 27,
					"st": 27,
					"op": 28,
					"sr": 1,
					"bm": 0
				},
				{
					"ty": 2,
					"sc": "#00ffff",
					"refId": "imgSeq_28",
					"ks": {
						"p": { "a": 0, "k": [0, 0] },
						"a": { "a": 0, "k": [0, 0] },
						"s": { "a": 0, "k": [100, 100] },
						"r": { "a": 0, "k": [0] },
						"o": { "a": 0, "k": [100] }
					},
					"ip": 28,
					"st": 28,
					"op": 29,
					"sr": 1,
					"bm": 0
				},
				{
					"ty": 2,
					"sc": "#00ffff",
					"refId": "imgSeq_29",
					"ks": {
						"p": { "a": 0, "k": [0, 0] },
						"a": { "a": 0, "k": [0, 0] },
						"s": { "a": 0, "k": [100, 100] },
						"r": { "a": 0, "k": [0] },
						"o": { "a": 0, "k": [100] }
					},
					"ip": 29,
					"st": 29,
					"op": 30,
					"sr": 1,
					"bm": 0
				},
				{
					"ty": 2,
					"sc": "#00ffff",
					"refId": "imgSeq_30",
					"ks": {
						"p": { "a": 0, "k": [0, 0] },
						"a": { "a": 0, "k": [0, 0] },
						"s": { "a": 0, "k": [100, 100] },
						"r": { "a": 0, "k": [0] },
						"o": { "a": 0, "k": [100] }
					},
					"ip": 30,
					"st": 30,
					"op": 31,
					"sr": 1,
					"bm": 0
				},
				{
					"ty": 2,
					"sc": "#00ffff",
					"refId": "imgSeq_31",
					"ks": {
						"p": { "a": 0, "k": [0, 0] },
						"a": { "a": 0, "k": [0, 0] },
						"s": { "a": 0, "k": [100, 100] },
						"r": { "a": 0, "k": [0] },
						"o": { "a": 0, "k": [100] }
					},
					"ip": 31,
					"st": 31,
					"op": 32,
					"sr": 1,
					"bm": 0
				},
				{
					"ty": 2,
					"sc": "#00ffff",
					"refId": "imgSeq_32",
					"ks": {
						"p": { "a": 0, "k": [0, 0] },
						"a": { "a": 0, "k": [0, 0] },
						"s": { "a": 0, "k": [100, 100] },
						"r": { "a": 0, "k": [0] },
						"o": { "a": 0, "k": [100] }
					},
					"ip": 32,
					"st": 32,
					"op": 33,
					"sr": 1,
					"bm": 0
				},
				{
					"ty": 2,
					"sc": "#00ffff",
					"refId": "imgSeq_33",
					"ks": {
						"p": { "a": 0, "k": [0, 0] },
						"a": { "a": 0, "k": [0, 0] },
						"s": { "a": 0, "k": [100, 100] },
						"r": { "a": 0, "k": [0] },
						"o": { "a": 0, "k": [100] }
					},
					"ip": 33,
					"st": 33,
					"op": 34,
					"sr": 1,
					"bm": 0
				},
				{
					"ty": 2,
					"sc": "#00ffff",
					"refId": "imgSeq_34",
					"ks": {
						"p": { "a": 0, "k": [0, 0] },
						"a": { "a": 0, "k": [0, 0] },
						"s": { "a": 0, "k": [100, 100] },
						"r": { "a": 0, "k": [0] },
						"o": { "a": 0, "k": [100] }
					},
					"ip": 34,
					"st": 34,
					"op": 35,
					"sr": 1,
					"bm": 0
				},
				{
					"ty": 2,
					"sc": "#00ffff",
					"refId": "imgSeq_35",
					"ks": {
						"p": { "a": 0, "k": [0, 0] },
						"a": { "a": 0, "k": [0, 0] },
						"s": { "a": 0, "k": [100, 100] },
						"r": { "a": 0, "k": [0] },
						"o": { "a": 0, "k": [100] }
					},
					"ip": 35,
					"st": 35,
					"op": 36,
					"sr": 1,
					"bm": 0
				},
				{
					"ty": 2,
					"sc": "#00ffff",
					"refId": "imgSeq_36",
					"ks": {
						"p": { "a": 0, "k": [0, 0] },
						"a": { "a": 0, "k": [0, 0] },
						"s": { "a": 0, "k": [100, 100] },
						"r": { "a": 0, "k": [0] },
						"o": { "a": 0, "k": [100] }
					},
					"ip": 36,
					"st": 36,
					"op": 37,
					"sr": 1,
					"bm": 0
				},
				{
					"ty": 2,
					"sc": "#00ffff",
					"refId": "imgSeq_37",
					"ks": {
						"p": { "a": 0, "k": [0, 0] },
						"a": { "a": 0, "k": [0, 0] },
						"s": { "a": 0, "k": [100, 100] },
						"r": { "a": 0, "k": [0] },
						"o": { "a": 0, "k": [100] }
					},
					"ip": 37,
					"st": 37,
					"op": 38,
					"sr": 1,
					"bm": 0
				},
				{
					"ty": 2,
					"sc": "#00ffff",
					"refId": "imgSeq_38",
					"ks": {
						"p": { "a": 0, "k": [0, 0] },
						"a": { "a": 0, "k": [0, 0] },
						"s": { "a": 0, "k": [100, 100] },
						"r": { "a": 0, "k": [0] },
						"o": { "a": 0, "k": [100] }
					},
					"ip": 38,
					"st": 38,
					"op": 39,
					"sr": 1,
					"bm": 0
				},
				{
					"ty": 2,
					"sc": "#00ffff",
					"refId": "imgSeq_39",
					"ks": {
						"p": { "a": 0, "k": [0, 0] },
						"a": { "a": 0, "k": [0, 0] },
						"s": { "a": 0, "k": [100, 100] },
						"r": { "a": 0, "k": [0] },
						"o": { "a": 0, "k": [100] }
					},
					"ip": 39,
					"st": 39,
					"op": 40,
					"sr": 1,
					"bm": 0
				},
				{
					"ty": 2,
					"sc": "#00ffff",
					"refId": "imgSeq_40",
					"ks": {
						"p": { "a": 0, "k": [0, 0] },
						"a": { "a": 0, "k": [0, 0] },
						"s": { "a": 0, "k": [100, 100] },
						"r": { "a": 0, "k": [0] },
						"o": { "a": 0, "k": [100] }
					},
					"ip": 40,
					"st": 40,
					"op": 41,
					"sr": 1,
					"bm": 0
				},
				{
					"ty": 2,
					"sc": "#00ffff",
					"refId": "imgSeq_41",
					"ks": {
						"p": { "a": 0, "k": [0, 0] },
						"a": { "a": 0, "k": [0, 0] },
						"s": { "a": 0, "k": [100, 100] },
						"r": { "a": 0, "k": [0] },
						"o": { "a": 0, "k": [100] }
					},
					"ip": 41,
					"st": 41,
					"op": 42,
					"sr": 1,
					"bm": 0
				},
				{
					"ty": 2,
					"sc": "#00ffff",
					"refId": "imgSeq_42",
					"ks": {
						"p": { "a": 0, "k": [0, 0] },
						"a": { "a": 0, "k": [0, 0] },
						"s": { "a": 0, "k": [100, 100] },
						"r": { "a": 0, "k": [0] },
						"o": { "a": 0, "k": [100] }
					},
					"ip": 42,
					"st": 42,
					"op": 43,
					"sr": 1,
					"bm": 0
				},
				{
					"ty": 2,
					"sc": "#00ffff",
					"refId": "imgSeq_43",
					"ks": {
						"p": { "a": 0, "k": [0, 0] },
						"a": { "a": 0, "k": [0, 0] },
						"s": { "a": 0, "k": [100, 100] },
						"r": { "a": 0, "k": [0] },
						"o": { "a": 0, "k": [100] }
					},
					"ip": 43,
					"st": 43,
					"op": 44,
					"sr": 1,
					"bm": 0
				},
				{
					"ty": 2,
					"sc": "#00ffff",
					"refId": "imgSeq_44",
					"ks": {
						"p": { "a": 0, "k": [0, 0] },
						"a": { "a": 0, "k": [0, 0] },
						"s": { "a": 0, "k": [100, 100] },
						"r": { "a": 0, "k": [0] },
						"o": { "a": 0, "k": [100] }
					},
					"ip": 44,
					"st": 44,
					"op": 45,
					"sr": 1,
					"bm": 0
				},
				{
					"ty": 2,
					"sc": "#00ffff",
					"refId": "imgSeq_45",
					"ks": {
						"p": { "a": 0, "k": [0, 0] },
						"a": { "a": 0, "k": [0, 0] },
						"s": { "a": 0, "k": [100, 100] },
						"r": { "a": 0, "k": [0] },
						"o": { "a": 0, "k": [100] }
					},
					"ip": 45,
					"st": 45,
					"op": 46,
					"sr": 1,
					"bm": 0
				},
				{
					"ty": 2,
					"sc": "#00ffff",
					"refId": "imgSeq_46",
					"ks": {
						"p": { "a": 0, "k": [0, 0] },
						"a": { "a": 0, "k": [0, 0] },
						"s": { "a": 0, "k": [100, 100] },
						"r": { "a": 0, "k": [0] },
						"o": { "a": 0, "k": [100] }
					},
					"ip": 46,
					"st": 46,
					"op": 47,
					"sr": 1,
					"bm": 0
				},
				{
					"ty": 2,
					"sc": "#00ffff",
					"refId": "imgSeq_47",
					"ks": {
						"p": { "a": 0, "k": [0, 0] },
						"a": { "a": 0, "k": [0, 0] },
						"s": { "a": 0, "k": [100, 100] },
						"r": { "a": 0, "k": [0] },
						"o": { "a": 0, "k": [100] }
					},
					"ip": 47,
					"st": 47,
					"op": 48,
					"sr": 1,
					"bm": 0
				},
				{
					"ty": 2,
					"sc": "#00ffff",
					"refId": "imgSeq_48",
					"ks": {
						"p": { "a": 0, "k": [0, 0] },
						"a": { "a": 0, "k": [0, 0] },
						"s": { "a": 0, "k": [100, 100] },
						"r": { "a": 0, "k": [0] },
						"o": { "a": 0, "k": [100] }
					},
					"ip": 48,
					"st": 48,
					"op": 49,
					"sr": 1,
					"bm": 0
				},
				{
					"ty": 2,
					"sc": "#00ffff",
					"refId": "imgSeq_49",
					"ks": {
						"p": { "a": 0, "k": [0, 0] },
						"a": { "a": 0, "k": [0, 0] },
						"s": { "a": 0, "k": [100, 100] },
						"r": { "a": 0, "k": [0] },
						"o": { "a": 0, "k": [100] }
					},
					"ip": 49,
					"st": 49,
					"op": 50,
					"sr": 1,
					"bm": 0
				},
				{
					"ty": 2,
					"sc": "#00ffff",
					"refId": "imgSeq_50",
					"ks": {
						"p": { "a": 0, "k": [0, 0] },
						"a": { "a": 0, "k": [0, 0] },
						"s": { "a": 0, "k": [100, 100] },
						"r": { "a": 0, "k": [0] },
						"o": { "a": 0, "k": [100] }
					},
					"ip": 50,
					"st": 50,
					"op": 51,
					"sr": 1,
					"bm": 0
				},
				{
					"ty": 2,
					"sc": "#00ffff",
					"refId": "imgSeq_51",
					"ks": {
						"p": { "a": 0, "k": [0, 0] },
						"a": { "a": 0, "k": [0, 0] },
						"s": { "a": 0, "k": [100, 100] },
						"r": { "a": 0, "k": [0] },
						"o": { "a": 0, "k": [100] }
					},
					"ip": 51,
					"st": 51,
					"op": 52,
					"sr": 1,
					"bm": 0
				},
				{
					"ty": 2,
					"sc": "#00ffff",
					"refId": "imgSeq_52",
					"ks": {
						"p": { "a": 0, "k": [0, 0] },
						"a": { "a": 0, "k": [0, 0] },
						"s": { "a": 0, "k": [100, 100] },
						"r": { "a": 0, "k": [0] },
						"o": { "a": 0, "k": [100] }
					},
					"ip": 52,
					"st": 52,
					"op": 53,
					"sr": 1,
					"bm": 0
				},
				{
					"ty": 2,
					"sc": "#00ffff",
					"refId": "imgSeq_53",
					"ks": {
						"p": { "a": 0, "k": [0, 0] },
						"a": { "a": 0, "k": [0, 0] },
						"s": { "a": 0, "k": [100, 100] },
						"r": { "a": 0, "k": [0] },
						"o": { "a": 0, "k": [100] }
					},
					"ip": 53,
					"st": 53,
					"op": 54,
					"sr": 1,
					"bm": 0
				},
				{
					"ty": 2,
					"sc": "#00ffff",
					"refId": "imgSeq_54",
					"ks": {
						"p": { "a": 0, "k": [0, 0] },
						"a": { "a": 0, "k": [0, 0] },
						"s": { "a": 0, "k": [100, 100] },
						"r": { "a": 0, "k": [0] },
						"o": { "a": 0, "k": [100] }
					},
					"ip": 54,
					"st": 54,
					"op": 55,
					"sr": 1,
					"bm": 0
				},
				{
					"ty": 2,
					"sc": "#00ffff",
					"refId": "imgSeq_55",
					"ks": {
						"p": { "a": 0, "k": [0, 0] },
						"a": { "a": 0, "k": [0, 0] },
						"s": { "a": 0, "k": [100, 100] },
						"r": { "a": 0, "k": [0] },
						"o": { "a": 0, "k": [100] }
					},
					"ip": 55,
					"st": 55,
					"op": 56,
					"sr": 1,
					"bm": 0
				},
				{
					"ty": 2,
					"sc": "#00ffff",
					"refId": "imgSeq_56",
					"ks": {
						"p": { "a": 0, "k": [0, 0] },
						"a": { "a": 0, "k": [0, 0] },
						"s": { "a": 0, "k": [100, 100] },
						"r": { "a": 0, "k": [0] },
						"o": { "a": 0, "k": [100] }
					},
					"ip": 56,
					"st": 56,
					"op": 57,
					"sr": 1,
					"bm": 0
				},
				{
					"ty": 2,
					"sc": "#00ffff",
					"refId": "imgSeq_57",
					"ks": {
						"p": { "a": 0, "k": [0, 0] },
						"a": { "a": 0, "k": [0, 0] },
						"s": { "a": 0, "k": [100, 100] },
						"r": { "a": 0, "k": [0] },
						"o": { "a": 0, "k": [100] }
					},
					"ip": 57,
					"st": 57,
					"op": 58,
					"sr": 1,
					"bm": 0
				},
				{
					"ty": 2,
					"sc": "#00ffff",
					"refId": "imgSeq_58",
					"ks": {
						"p": { "a": 0, "k": [0, 0] },
						"a": { "a": 0, "k": [0, 0] },
						"s": { "a": 0, "k": [100, 100] },
						"r": { "a": 0, "k": [0] },
						"o": { "a": 0, "k": [100] }
					},
					"ip": 58,
					"st": 58,
					"op": 59,
					"sr": 1,
					"bm": 0
				},
				{
					"ty": 2,
					"sc": "#00ffff",
					"refId": "imgSeq_59",
					"ks": {
						"p": { "a": 0, "k": [0, 0] },
						"a": { "a": 0, "k": [0, 0] },
						"s": { "a": 0, "k": [100, 100] },
						"r": { "a": 0, "k": [0] },
						"o": { "a": 0, "k": [100] }
					},
					"ip": 59,
					"st": 59,
					"op": 60,
					"sr": 1,
					"bm": 0
				},
				{
					"ty": 2,
					"sc": "#00ffff",
					"refId": "imgSeq_60",
					"ks": {
						"p": { "a": 0, "k": [0, 0] },
						"a": { "a": 0, "k": [0, 0] },
						"s": { "a": 0, "k": [100, 100] },
						"r": { "a": 0, "k": [0] },
						"o": { "a": 0, "k": [100] }
					},
					"ip": 60,
					"st": 60,
					"op": 61,
					"sr": 1,
					"bm": 0
				},
				{
					"ty": 2,
					"sc": "#00ffff",
					"refId": "imgSeq_61",
					"ks": {
						"p": { "a": 0, "k": [0, 0] },
						"a": { "a": 0, "k": [0, 0] },
						"s": { "a": 0, "k": [100, 100] },
						"r": { "a": 0, "k": [0] },
						"o": { "a": 0, "k": [100] }
					},
					"ip": 61,
					"st": 61,
					"op": 62,
					"sr": 1,
					"bm": 0
				},
				{
					"ty": 2,
					"sc": "#00ffff",
					"refId": "imgSeq_62",
					"ks": {
						"p": { "a": 0, "k": [0, 0] },
						"a": { "a": 0, "k": [0, 0] },
						"s": { "a": 0, "k": [100, 100] },
						"r": { "a": 0, "k": [0] },
						"o": { "a": 0, "k": [100] }
					},
					"ip": 62,
					"st": 62,
					"op": 63,
					"sr": 1,
					"bm": 0
				},
				{
					"ty": 2,
					"sc": "#00ffff",
					"refId": "imgSeq_63",
					"ks": {
						"p": { "a": 0, "k": [0, 0] },
						"a": { "a": 0, "k": [0, 0] },
						"s": { "a": 0, "k": [100, 100] },
						"r": { "a": 0, "k": [0] },
						"o": { "a": 0, "k": [100] }
					},
					"ip": 63,
					"st": 63,
					"op": 64,
					"sr": 1,
					"bm": 0
				},
				{
					"ty": 2,
					"sc": "#00ffff",
					"refId": "imgSeq_64",
					"ks": {
						"p": { "a": 0, "k": [0, 0] },
						"a": { "a": 0, "k": [0, 0] },
						"s": { "a": 0, "k": [100, 100] },
						"r": { "a": 0, "k": [0] },
						"o": { "a": 0, "k": [100] }
					},
					"ip": 64,
					"st": 64,
					"op": 65,
					"sr": 1,
					"bm": 0
				},
				{
					"ty": 2,
					"sc": "#00ffff",
					"refId": "imgSeq_65",
					"ks": {
						"p": { "a": 0, "k": [0, 0] },
						"a": { "a": 0, "k": [0, 0] },
						"s": { "a": 0, "k": [100, 100] },
						"r": { "a": 0, "k": [0] },
						"o": { "a": 0, "k": [100] }
					},
					"ip": 65,
					"st": 65,
					"op": 66,
					"sr": 1,
					"bm": 0
				},
				{
					"ty": 2,
					"sc": "#00ffff",
					"refId": "imgSeq_66",
					"ks": {
						"p": { "a": 0, "k": [0, 0] },
						"a": { "a": 0, "k": [0, 0] },
						"s": { "a": 0, "k": [100, 100] },
						"r": { "a": 0, "k": [0] },
						"o": { "a": 0, "k": [100] }
					},
					"ip": 66,
					"st": 66,
					"op": 67,
					"sr": 1,
					"bm": 0
				},
				{
					"ty": 2,
					"sc": "#00ffff",
					"refId": "imgSeq_67",
					"ks": {
						"p": { "a": 0, "k": [0, 0] },
						"a": { "a": 0, "k": [0, 0] },
						"s": { "a": 0, "k": [100, 100] },
						"r": { "a": 0, "k": [0] },
						"o": { "a": 0, "k": [100] }
					},
					"ip": 67,
					"st": 67,
					"op": 68,
					"sr": 1,
					"bm": 0
				},
				{
					"ty": 2,
					"sc": "#00ffff",
					"refId": "imgSeq_68",
					"ks": {
						"p": { "a": 0, "k": [0, 0] },
						"a": { "a": 0, "k": [0, 0] },
						"s": { "a": 0, "k": [100, 100] },
						"r": { "a": 0, "k": [0] },
						"o": { "a": 0, "k": [100] }
					},
					"ip": 68,
					"st": 68,
					"op": 69,
					"sr": 1,
					"bm": 0
				},
				{
					"ty": 2,
					"sc": "#00ffff",
					"refId": "imgSeq_69",
					"ks": {
						"p": { "a": 0, "k": [0, 0] },
						"a": { "a": 0, "k": [0, 0] },
						"s": { "a": 0, "k": [100, 100] },
						"r": { "a": 0, "k": [0] },
						"o": { "a": 0, "k": [100] }
					},
					"ip": 69,
					"st": 69,
					"op": 70,
					"sr": 1,
					"bm": 0
				},
				{
					"ty": 2,
					"sc": "#00ffff",
					"refId": "imgSeq_70",
					"ks": {
						"p": { "a": 0, "k": [0, 0] },
						"a": { "a": 0, "k": [0, 0] },
						"s": { "a": 0, "k": [100, 100] },
						"r": { "a": 0, "k": [0] },
						"o": { "a": 0, "k": [100] }
					},
					"ip": 70,
					"st": 70,
					"op": 71,
					"sr": 1,
					"bm": 0
				},
				{
					"ty": 2,
					"sc": "#00ffff",
					"refId": "imgSeq_71",
					"ks": {
						"p": { "a": 0, "k": [0, 0] },
						"a": { "a": 0, "k": [0, 0] },
						"s": { "a": 0, "k": [100, 100] },
						"r": { "a": 0, "k": [0] },
						"o": { "a": 0, "k": [100] }
					},
					"ip": 71,
					"st": 71,
					"op": 72,
					"sr": 1,
					"bm": 0
				},
				{
					"ty": 2,
					"sc": "#00ffff",
					"refId": "imgSeq_72",
					"ks": {
						"p": { "a": 0, "k": [0, 0] },
						"a": { "a": 0, "k": [0, 0] },
						"s": { "a": 0, "k": [100, 100] },
						"r": { "a": 0, "k": [0] },
						"o": { "a": 0, "k": [100] }
					},
					"ip": 72,
					"st": 72,
					"op": 73,
					"sr": 1,
					"bm": 0
				},
				{
					"ty": 2,
					"sc": "#00ffff",
					"refId": "imgSeq_73",
					"ks": {
						"p": { "a": 0, "k": [0, 0] },
						"a": { "a": 0, "k": [0, 0] },
						"s": { "a": 0, "k": [100, 100] },
						"r": { "a": 0, "k": [0] },
						"o": { "a": 0, "k": [100] }
					},
					"ip": 73,
					"st": 73,
					"op": 74,
					"sr": 1,
					"bm": 0
				},
				{
					"ty": 2,
					"sc": "#00ffff",
					"refId": "imgSeq_74",
					"ks": {
						"p": { "a": 0, "k": [0, 0] },
						"a": { "a": 0, "k": [0, 0] },
						"s": { "a": 0, "k": [100, 100] },
						"r": { "a": 0, "k": [0] },
						"o": { "a": 0, "k": [100] }
					},
					"ip": 74,
					"st": 74,
					"op": 75,
					"sr": 1,
					"bm": 0
				},
				{
					"ty": 2,
					"sc": "#00ffff",
					"refId": "imgSeq_75",
					"ks": {
						"p": { "a": 0, "k": [0, 0] },
						"a": { "a": 0, "k": [0, 0] },
						"s": { "a": 0, "k": [100, 100] },
						"r": { "a": 0, "k": [0] },
						"o": { "a": 0, "k": [100] }
					},
					"ip": 75,
					"st": 75,
					"op": 76,
					"sr": 1,
					"bm": 0
				},
				{
					"ty": 2,
					"sc": "#00ffff",
					"refId": "imgSeq_76",
					"ks": {
						"p": { "a": 0, "k": [0, 0] },
						"a": { "a": 0, "k": [0, 0] },
						"s": { "a": 0, "k": [100, 100] },
						"r": { "a": 0, "k": [0] },
						"o": { "a": 0, "k": [100] }
					},
					"ip": 76,
					"st": 76,
					"op": 77,
					"sr": 1,
					"bm": 0
				},
				{
					"ty": 2,
					"sc": "#00ffff",
					"refId": "imgSeq_77",
					"ks": {
						"p": { "a": 0, "k": [0, 0] },
						"a": { "a": 0, "k": [0, 0] },
						"s": { "a": 0, "k": [100, 100] },
						"r": { "a": 0, "k": [0] },
						"o": { "a": 0, "k": [100] }
					},
					"ip": 77,
					"st": 77,
					"op": 78,
					"sr": 1,
					"bm": 0
				},
				{
					"ty": 2,
					"sc": "#00ffff",
					"refId": "imgSeq_78",
					"ks": {
						"p": { "a": 0, "k": [0, 0] },
						"a": { "a": 0, "k": [0, 0] },
						"s": { "a": 0, "k": [100, 100] },
						"r": { "a": 0, "k": [0] },
						"o": { "a": 0, "k": [100] }
					},
					"ip": 78,
					"st": 78,
					"op": 79,
					"sr": 1,
					"bm": 0
				},
				{
					"ty": 2,
					"sc": "#00ffff",
					"refId": "imgSeq_79",
					"ks": {
						"p": { "a": 0, "k": [0, 0] },
						"a": { "a": 0, "k": [0, 0] },
						"s": { "a": 0, "k": [100, 100] },
						"r": { "a": 0, "k": [0] },
						"o": { "a": 0, "k": [100] }
					},
					"ip": 79,
					"st": 79,
					"op": 80,
					"sr": 1,
					"bm": 0
				},
				{
					"ty": 2,
					"sc": "#00ffff",
					"refId": "imgSeq_80",
					"ks": {
						"p": { "a": 0, "k": [0, 0] },
						"a": { "a": 0, "k": [0, 0] },
						"s": { "a": 0, "k": [100, 100] },
						"r": { "a": 0, "k": [0] },
						"o": { "a": 0, "k": [100] }
					},
					"ip": 80,
					"st": 80,
					"op": 81,
					"sr": 1,
					"bm": 0
				},
				{
					"ty": 2,
					"sc": "#00ffff",
					"refId": "imgSeq_81",
					"ks": {
						"p": { "a": 0, "k": [0, 0] },
						"a": { "a": 0, "k": [0, 0] },
						"s": { "a": 0, "k": [100, 100] },
						"r": { "a": 0, "k": [0] },
						"o": { "a": 0, "k": [100] }
					},
					"ip": 81,
					"st": 81,
					"op": 82,
					"sr": 1,
					"bm": 0
				},
				{
					"ty": 2,
					"sc": "#00ffff",
					"refId": "imgSeq_82",
					"ks": {
						"p": { "a": 0, "k": [0, 0] },
						"a": { "a": 0, "k": [0, 0] },
						"s": { "a": 0, "k": [100, 100] },
						"r": { "a": 0, "k": [0] },
						"o": { "a": 0, "k": [100] }
					},
					"ip": 82,
					"st": 82,
					"op": 83,
					"sr": 1,
					"bm": 0
				},
				{
					"ty": 2,
					"sc": "#00ffff",
					"refId": "imgSeq_83",
					"ks": {
						"p": { "a": 0, "k": [0, 0] },
						"a": { "a": 0, "k": [0, 0] },
						"s": { "a": 0, "k": [100, 100] },
						"r": { "a": 0, "k": [0] },
						"o": { "a": 0, "k": [100] }
					},
					"ip": 83,
					"st": 83,
					"op": 84,
					"sr": 1,
					"bm": 0
				},
				{
					"ty": 2,
					"sc": "#00ffff",
					"refId": "imgSeq_84",
					"ks": {
						"p": { "a": 0, "k": [0, 0] },
						"a": { "a": 0, "k": [0, 0] },
						"s": { "a": 0, "k": [100, 100] },
						"r": { "a": 0, "k": [0] },
						"o": { "a": 0, "k": [100] }
					},
					"ip": 84,
					"st": 84,
					"op": 85,
					"sr": 1,
					"bm": 0
				},
				{
					"ty": 2,
					"sc": "#00ffff",
					"refId": "imgSeq_85",
					"ks": {
						"p": { "a": 0, "k": [0, 0] },
						"a": { "a": 0, "k": [0, 0] },
						"s": { "a": 0, "k": [100, 100] },
						"r": { "a": 0, "k": [0] },
						"o": { "a": 0, "k": [100] }
					},
					"ip": 85,
					"st": 85,
					"op": 86,
					"sr": 1,
					"bm": 0
				},
				{
					"ty": 2,
					"sc": "#00ffff",
					"refId": "imgSeq_86",
					"ks": {
						"p": { "a": 0, "k": [0, 0] },
						"a": { "a": 0, "k": [0, 0] },
						"s": { "a": 0, "k": [100, 100] },
						"r": { "a": 0, "k": [0] },
						"o": { "a": 0, "k": [100] }
					},
					"ip": 86,
					"st": 86,
					"op": 87,
					"sr": 1,
					"bm": 0
				},
				{
					"ty": 2,
					"sc": "#00ffff",
					"refId": "imgSeq_87",
					"ks": {
						"p": { "a": 0, "k": [0, 0] },
						"a": { "a": 0, "k": [0, 0] },
						"s": { "a": 0, "k": [100, 100] },
						"r": { "a": 0, "k": [0] },
						"o": { "a": 0, "k": [100] }
					},
					"ip": 87,
					"st": 87,
					"op": 88,
					"sr": 1,
					"bm": 0
				},
				{
					"ty": 2,
					"sc": "#00ffff",
					"refId": "imgSeq_88",
					"ks": {
						"p": { "a": 0, "k": [0, 0] },
						"a": { "a": 0, "k": [0, 0] },
						"s": { "a": 0, "k": [100, 100] },
						"r": { "a": 0, "k": [0] },
						"o": { "a": 0, "k": [100] }
					},
					"ip": 88,
					"st": 88,
					"op": 89,
					"sr": 1,
					"bm": 0
				},
				{
					"ty": 2,
					"sc": "#00ffff",
					"refId": "imgSeq_89",
					"ks": {
						"p": { "a": 0, "k": [0, 0] },
						"a": { "a": 0, "k": [0, 0] },
						"s": { "a": 0, "k": [100, 100] },
						"r": { "a": 0, "k": [0] },
						"o": { "a": 0, "k": [100] }
					},
					"ip": 89,
					"st": 89,
					"op": 90,
					"sr": 1,
					"bm": 0
				},
				{
					"ty": 2,
					"sc": "#00ffff",
					"refId": "imgSeq_90",
					"ks": {
						"p": { "a": 0, "k": [0, 0] },
						"a": { "a": 0, "k": [0, 0] },
						"s": { "a": 0, "k": [100, 100] },
						"r": { "a": 0, "k": [0] },
						"o": { "a": 0, "k": [100] }
					},
					"ip": 90,
					"st": 90,
					"op": 91,
					"sr": 1,
					"bm": 0
				},
				{
					"ty": 2,
					"sc": "#00ffff",
					"refId": "imgSeq_91",
					"ks": {
						"p": { "a": 0, "k": [0, 0] },
						"a": { "a": 0, "k": [0, 0] },
						"s": { "a": 0, "k": [100, 100] },
						"r": { "a": 0, "k": [0] },
						"o": { "a": 0, "k": [100] }
					},
					"ip": 91,
					"st": 91,
					"op": 92,
					"sr": 1,
					"bm": 0
				},
				{
					"ty": 2,
					"sc": "#00ffff",
					"refId": "imgSeq_92",
					"ks": {
						"p": { "a": 0, "k": [0, 0] },
						"a": { "a": 0, "k": [0, 0] },
						"s": { "a": 0, "k": [100, 100] },
						"r": { "a": 0, "k": [0] },
						"o": { "a": 0, "k": [100] }
					},
					"ip": 92,
					"st": 92,
					"op": 93,
					"sr": 1,
					"bm": 0
				},
				{
					"ty": 2,
					"sc": "#00ffff",
					"refId": "imgSeq_93",
					"ks": {
						"p": { "a": 0, "k": [0, 0] },
						"a": { "a": 0, "k": [0, 0] },
						"s": { "a": 0, "k": [100, 100] },
						"r": { "a": 0, "k": [0] },
						"o": { "a": 0, "k": [100] }
					},
					"ip": 93,
					"st": 93,
					"op": 94,
					"sr": 1,
					"bm": 0
				},
				{
					"ty": 2,
					"sc": "#00ffff",
					"refId": "imgSeq_94",
					"ks": {
						"p": { "a": 0, "k": [0, 0] },
						"a": { "a": 0, "k": [0, 0] },
						"s": { "a": 0, "k": [100, 100] },
						"r": { "a": 0, "k": [0] },
						"o": { "a": 0, "k": [100] }
					},
					"ip": 94,
					"st": 94,
					"op": 95,
					"sr": 1,
					"bm": 0
				},
				{
					"ty": 2,
					"sc": "#00ffff",
					"refId": "imgSeq_95",
					"ks": {
						"p": { "a": 0, "k": [0, 0] },
						"a": { "a": 0, "k": [0, 0] },
						"s": { "a": 0, "k": [100, 100] },
						"r": { "a": 0, "k": [0] },
						"o": { "a": 0, "k": [100] }
					},
					"ip": 95,
					"st": 95,
					"op": 96,
					"sr": 1,
					"bm": 0
				},
				{
					"ty": 2,
					"sc": "#00ffff",
					"refId": "imgSeq_96",
					"ks": {
						"p": { "a": 0, "k": [0, 0] },
						"a": { "a": 0, "k": [0, 0] },
						"s": { "a": 0, "k": [100, 100] },
						"r": { "a": 0, "k": [0] },
						"o": { "a": 0, "k": [100] }
					},
					"ip": 96,
					"st": 96,
					"op": 97,
					"sr": 1,
					"bm": 0
				},
				{
					"ty": 2,
					"sc": "#00ffff",
					"refId": "imgSeq_97",
					"ks": {
						"p": { "a": 0, "k": [0, 0] },
						"a": { "a": 0, "k": [0, 0] },
						"s": { "a": 0, "k": [100, 100] },
						"r": { "a": 0, "k": [0] },
						"o": { "a": 0, "k": [100] }
					},
					"ip": 97,
					"st": 97,
					"op": 98,
					"sr": 1,
					"bm": 0
				},
				{
					"ty": 2,
					"sc": "#00ffff",
					"refId": "imgSeq_98",
					"ks": {
						"p": { "a": 0, "k": [0, 0] },
						"a": { "a": 0, "k": [0, 0] },
						"s": { "a": 0, "k": [100, 100] },
						"r": { "a": 0, "k": [0] },
						"o": { "a": 0, "k": [100] }
					},
					"ip": 98,
					"st": 98,
					"op": 99,
					"sr": 1,
					"bm": 0
				},
				{
					"ty": 2,
					"sc": "#00ffff",
					"refId": "imgSeq_99",
					"ks": {
						"p": { "a": 0, "k": [0, 0] },
						"a": { "a": 0, "k": [0, 0] },
						"s": { "a": 0, "k": [100, 100] },
						"r": { "a": 0, "k": [0] },
						"o": { "a": 0, "k": [100] }
					},
					"ip": 99,
					"st": 99,
					"op": 100,
					"sr": 1,
					"bm": 0
				},
				{
					"ty": 2,
					"sc": "#00ffff",
					"refId": "imgSeq_100",
					"ks": {
						"p": { "a": 0, "k": [0, 0] },
						"a": { "a": 0, "k": [0, 0] },
						"s": { "a": 0, "k": [100, 100] },
						"r": { "a": 0, "k": [0] },
						"o": { "a": 0, "k": [100] }
					},
					"ip": 100,
					"st": 100,
					"op": 101,
					"sr": 1,
					"bm": 0
				},
				{
					"ty": 2,
					"sc": "#00ffff",
					"refId": "imgSeq_101",
					"ks": {
						"p": { "a": 0, "k": [0, 0] },
						"a": { "a": 0, "k": [0, 0] },
						"s": { "a": 0, "k": [100, 100] },
						"r": { "a": 0, "k": [0] },
						"o": { "a": 0, "k": [100] }
					},
					"ip": 101,
					"st": 101,
					"op": 102,
					"sr": 1,
					"bm": 0
				},
				{
					"ty": 2,
					"sc": "#00ffff",
					"refId": "imgSeq_102",
					"ks": {
						"p": { "a": 0, "k": [0, 0] },
						"a": { "a": 0, "k": [0, 0] },
						"s": { "a": 0, "k": [100, 100] },
						"r": { "a": 0, "k": [0] },
						"o": { "a": 0, "k": [100] }
					},
					"ip": 102,
					"st": 102,
					"op": 103,
					"sr": 1,
					"bm": 0
				},
				{
					"ty": 2,
					"sc": "#00ffff",
					"refId": "imgSeq_103",
					"ks": {
						"p": { "a": 0, "k": [0, 0] },
						"a": { "a": 0, "k": [0, 0] },
						"s": { "a": 0, "k": [100, 100] },
						"r": { "a": 0, "k": [0] },
						"o": { "a": 0, "k": [100] }
					},
					"ip": 103,
					"st": 103,
					"op": 104,
					"sr": 1,
					"bm": 0
				},
				{
					"ty": 2,
					"sc": "#00ffff",
					"refId": "imgSeq_104",
					"ks": {
						"p": { "a": 0, "k": [0, 0] },
						"a": { "a": 0, "k": [0, 0] },
						"s": { "a": 0, "k": [100, 100] },
						"r": { "a": 0, "k": [0] },
						"o": { "a": 0, "k": [100] }
					},
					"ip": 104,
					"st": 104,
					"op": 105,
					"sr": 1,
					"bm": 0
				},
				{
					"ty": 2,
					"sc": "#00ffff",
					"refId": "imgSeq_105",
					"ks": {
						"p": { "a": 0, "k": [0, 0] },
						"a": { "a": 0, "k": [0, 0] },
						"s": { "a": 0, "k": [100, 100] },
						"r": { "a": 0, "k": [0] },
						"o": { "a": 0, "k": [100] }
					},
					"ip": 105,
					"st": 105,
					"op": 106,
					"sr": 1,
					"bm": 0
				},
				{
					"ty": 2,
					"sc": "#00ffff",
					"refId": "imgSeq_106",
					"ks": {
						"p": { "a": 0, "k": [0, 0] },
						"a": { "a": 0, "k": [0, 0] },
						"s": { "a": 0, "k": [100, 100] },
						"r": { "a": 0, "k": [0] },
						"o": { "a": 0, "k": [100] }
					},
					"ip": 106,
					"st": 106,
					"op": 107,
					"sr": 1,
					"bm": 0
				},
				{
					"ty": 2,
					"sc": "#00ffff",
					"refId": "imgSeq_107",
					"ks": {
						"p": { "a": 0, "k": [0, 0] },
						"a": { "a": 0, "k": [0, 0] },
						"s": { "a": 0, "k": [100, 100] },
						"r": { "a": 0, "k": [0] },
						"o": { "a": 0, "k": [100] }
					},
					"ip": 107,
					"st": 107,
					"op": 108,
					"sr": 1,
					"bm": 0
				},
				{
					"ty": 2,
					"sc": "#00ffff",
					"refId": "imgSeq_108",
					"ks": {
						"p": { "a": 0, "k": [0, 0] },
						"a": { "a": 0, "k": [0, 0] },
						"s": { "a": 0, "k": [100, 100] },
						"r": { "a": 0, "k": [0] },
						"o": { "a": 0, "k": [100] }
					},
					"ip": 108,
					"st": 108,
					"op": 109,
					"sr": 1,
					"bm": 0
				},
				{
					"ty": 2,
					"sc": "#00ffff",
					"refId": "imgSeq_109",
					"ks": {
						"p": { "a": 0, "k": [0, 0] },
						"a": { "a": 0, "k": [0, 0] },
						"s": { "a": 0, "k": [100, 100] },
						"r": { "a": 0, "k": [0] },
						"o": { "a": 0, "k": [100] }
					},
					"ip": 109,
					"st": 109,
					"op": 110,
					"sr": 1,
					"bm": 0
				},
				{
					"ty": 2,
					"sc": "#00ffff",
					"refId": "imgSeq_110",
					"ks": {
						"p": { "a": 0, "k": [0, 0] },
						"a": { "a": 0, "k": [0, 0] },
						"s": { "a": 0, "k": [100, 100] },
						"r": { "a": 0, "k": [0] },
						"o": { "a": 0, "k": [100] }
					},
					"ip": 110,
					"st": 110,
					"op": 111,
					"sr": 1,
					"bm": 0
				},
				{
					"ty": 2,
					"sc": "#00ffff",
					"refId": "imgSeq_111",
					"ks": {
						"p": { "a": 0, "k": [0, 0] },
						"a": { "a": 0, "k": [0, 0] },
						"s": { "a": 0, "k": [100, 100] },
						"r": { "a": 0, "k": [0] },
						"o": { "a": 0, "k": [100] }
					},
					"ip": 111,
					"st": 111,
					"op": 112,
					"sr": 1,
					"bm": 0
				},
				{
					"ty": 2,
					"sc": "#00ffff",
					"refId": "imgSeq_112",
					"ks": {
						"p": { "a": 0, "k": [0, 0] },
						"a": { "a": 0, "k": [0, 0] },
						"s": { "a": 0, "k": [100, 100] },
						"r": { "a": 0, "k": [0] },
						"o": { "a": 0, "k": [100] }
					},
					"ip": 112,
					"st": 112,
					"op": 113,
					"sr": 1,
					"bm": 0
				},
				{
					"ty": 2,
					"sc": "#00ffff",
					"refId": "imgSeq_113",
					"ks": {
						"p": { "a": 0, "k": [0, 0] },
						"a": { "a": 0, "k": [0, 0] },
						"s": { "a": 0, "k": [100, 100] },
						"r": { "a": 0, "k": [0] },
						"o": { "a": 0, "k": [100] }
					},
					"ip": 113,
					"st": 113,
					"op": 114,
					"sr": 1,
					"bm": 0
				},
				{
					"ty": 2,
					"sc": "#00ffff",
					"refId": "imgSeq_114",
					"ks": {
						"p": { "a": 0, "k": [0, 0] },
						"a": { "a": 0, "k": [0, 0] },
						"s": { "a": 0, "k": [100, 100] },
						"r": { "a": 0, "k": [0] },
						"o": { "a": 0, "k": [100] }
					},
					"ip": 114,
					"st": 114,
					"op": 115,
					"sr": 1,
					"bm": 0
				},
				{
					"ty": 2,
					"sc": "#00ffff",
					"refId": "imgSeq_115",
					"ks": {
						"p": { "a": 0, "k": [0, 0] },
						"a": { "a": 0, "k": [0, 0] },
						"s": { "a": 0, "k": [100, 100] },
						"r": { "a": 0, "k": [0] },
						"o": { "a": 0, "k": [100] }
					},
					"ip": 115,
					"st": 115,
					"op": 116,
					"sr": 1,
					"bm": 0
				},
				{
					"ty": 2,
					"sc": "#00ffff",
					"refId": "imgSeq_116",
					"ks": {
						"p": { "a": 0, "k": [0, 0] },
						"a": { "a": 0, "k": [0, 0] },
						"s": { "a": 0, "k": [100, 100] },
						"r": { "a": 0, "k": [0] },
						"o": { "a": 0, "k": [100] }
					},
					"ip": 116,
					"st": 116,
					"op": 117,
					"sr": 1,
					"bm": 0
				},
				{
					"ty": 2,
					"sc": "#00ffff",
					"refId": "imgSeq_117",
					"ks": {
						"p": { "a": 0, "k": [0, 0] },
						"a": { "a": 0, "k": [0, 0] },
						"s": { "a": 0, "k": [100, 100] },
						"r": { "a": 0, "k": [0] },
						"o": { "a": 0, "k": [100] }
					},
					"ip": 117,
					"st": 117,
					"op": 118,
					"sr": 1,
					"bm": 0
				},
				{
					"ty": 2,
					"sc": "#00ffff",
					"refId": "imgSeq_118",
					"ks": {
						"p": { "a": 0, "k": [0, 0] },
						"a": { "a": 0, "k": [0, 0] },
						"s": { "a": 0, "k": [100, 100] },
						"r": { "a": 0, "k": [0] },
						"o": { "a": 0, "k": [100] }
					},
					"ip": 118,
					"st": 118,
					"op": 119,
					"sr": 1,
					"bm": 0
				},
				{
					"ty": 2,
					"sc": "#00ffff",
					"refId": "imgSeq_119",
					"ks": {
						"p": { "a": 0, "k": [0, 0] },
						"a": { "a": 0, "k": [0, 0] },
						"s": { "a": 0, "k": [100, 100] },
						"r": { "a": 0, "k": [0] },
						"o": { "a": 0, "k": [100] }
					},
					"ip": 119,
					"st": 119,
					"op": 120,
					"sr": 1,
					"bm": 0
				},
				{
					"ty": 2,
					"sc": "#00ffff",
					"refId": "imgSeq_120",
					"ks": {
						"p": { "a": 0, "k": [0, 0] },
						"a": { "a": 0, "k": [0, 0] },
						"s": { "a": 0, "k": [100, 100] },
						"r": { "a": 0, "k": [0] },
						"o": { "a": 0, "k": [100] }
					},
					"ip": 120,
					"st": 120,
					"op": 121,
					"sr": 1,
					"bm": 0
				},
				{
					"ty": 2,
					"sc": "#00ffff",
					"refId": "imgSeq_121",
					"ks": {
						"p": { "a": 0, "k": [0, 0] },
						"a": { "a": 0, "k": [0, 0] },
						"s": { "a": 0, "k": [100, 100] },
						"r": { "a": 0, "k": [0] },
						"o": { "a": 0, "k": [100] }
					},
					"ip": 121,
					"st": 121,
					"op": 122,
					"sr": 1,
					"bm": 0
				},
				{
					"ty": 2,
					"sc": "#00ffff",
					"refId": "imgSeq_122",
					"ks": {
						"p": { "a": 0, "k": [0, 0] },
						"a": { "a": 0, "k": [0, 0] },
						"s": { "a": 0, "k": [100, 100] },
						"r": { "a": 0, "k": [0] },
						"o": { "a": 0, "k": [100] }
					},
					"ip": 122,
					"st": 122,
					"op": 123,
					"sr": 1,
					"bm": 0
				},
				{
					"ty": 2,
					"sc": "#00ffff",
					"refId": "imgSeq_123",
					"ks": {
						"p": { "a": 0, "k": [0, 0] },
						"a": { "a": 0, "k": [0, 0] },
						"s": { "a": 0, "k": [100, 100] },
						"r": { "a": 0, "k": [0] },
						"o": { "a": 0, "k": [100] }
					},
					"ip": 123,
					"st": 123,
					"op": 124,
					"sr": 1,
					"bm": 0
				},
				{
					"ty": 2,
					"sc": "#00ffff",
					"refId": "imgSeq_124",
					"ks": {
						"p": { "a": 0, "k": [0, 0] },
						"a": { "a": 0, "k": [0, 0] },
						"s": { "a": 0, "k": [100, 100] },
						"r": { "a": 0, "k": [0] },
						"o": { "a": 0, "k": [100] }
					},
					"ip": 124,
					"st": 124,
					"op": 125,
					"sr": 1,
					"bm": 0
				},
				{
					"ty": 2,
					"sc": "#00ffff",
					"refId": "imgSeq_125",
					"ks": {
						"p": { "a": 0, "k": [0, 0] },
						"a": { "a": 0, "k": [0, 0] },
						"s": { "a": 0, "k": [100, 100] },
						"r": { "a": 0, "k": [0] },
						"o": { "a": 0, "k": [100] }
					},
					"ip": 125,
					"st": 125,
					"op": 126,
					"sr": 1,
					"bm": 0
				},
				{
					"ty": 2,
					"sc": "#00ffff",
					"refId": "imgSeq_126",
					"ks": {
						"p": { "a": 0, "k": [0, 0] },
						"a": { "a": 0, "k": [0, 0] },
						"s": { "a": 0, "k": [100, 100] },
						"r": { "a": 0, "k": [0] },
						"o": { "a": 0, "k": [100] }
					},
					"ip": 126,
					"st": 126,
					"op": 127,
					"sr": 1,
					"bm": 0
				},
				{
					"ty": 2,
					"sc": "#00ffff",
					"refId": "imgSeq_127",
					"ks": {
						"p": { "a": 0, "k": [0, 0] },
						"a": { "a": 0, "k": [0, 0] },
						"s": { "a": 0, "k": [100, 100] },
						"r": { "a": 0, "k": [0] },
						"o": { "a": 0, "k": [100] }
					},
					"ip": 127,
					"st": 127,
					"op": 128,
					"sr": 1,
					"bm": 0
				},
				{
					"ty": 2,
					"sc": "#00ffff",
					"refId": "imgSeq_128",
					"ks": {
						"p": { "a": 0, "k": [0, 0] },
						"a": { "a": 0, "k": [0, 0] },
						"s": { "a": 0, "k": [100, 100] },
						"r": { "a": 0, "k": [0] },
						"o": { "a": 0, "k": [100] }
					},
					"ip": 128,
					"st": 128,
					"op": 129,
					"sr": 1,
					"bm": 0
				},
				{
					"ty": 2,
					"sc": "#00ffff",
					"refId": "imgSeq_129",
					"ks": {
						"p": { "a": 0, "k": [0, 0] },
						"a": { "a": 0, "k": [0, 0] },
						"s": { "a": 0, "k": [100, 100] },
						"r": { "a": 0, "k": [0] },
						"o": { "a": 0, "k": [100] }
					},
					"ip": 129,
					"st": 129,
					"op": 130,
					"sr": 1,
					"bm": 0
				},
				{
					"ty": 2,
					"sc": "#00ffff",
					"refId": "imgSeq_130",
					"ks": {
						"p": { "a": 0, "k": [0, 0] },
						"a": { "a": 0, "k": [0, 0] },
						"s": { "a": 0, "k": [100, 100] },
						"r": { "a": 0, "k": [0] },
						"o": { "a": 0, "k": [100] }
					},
					"ip": 130,
					"st": 130,
					"op": 131,
					"sr": 1,
					"bm": 0
				},
				{
					"ty": 2,
					"sc": "#00ffff",
					"refId": "imgSeq_131",
					"ks": {
						"p": { "a": 0, "k": [0, 0] },
						"a": { "a": 0, "k": [0, 0] },
						"s": { "a": 0, "k": [100, 100] },
						"r": { "a": 0, "k": [0] },
						"o": { "a": 0, "k": [100] }
					},
					"ip": 131,
					"st": 131,
					"op": 132,
					"sr": 1,
					"bm": 0
				},
				{
					"ty": 2,
					"sc": "#00ffff",
					"refId": "imgSeq_132",
					"ks": {
						"p": { "a": 0, "k": [0, 0] },
						"a": { "a": 0, "k": [0, 0] },
						"s": { "a": 0, "k": [100, 100] },
						"r": { "a": 0, "k": [0] },
						"o": { "a": 0, "k": [100] }
					},
					"ip": 132,
					"st": 132,
					"op": 133,
					"sr": 1,
					"bm": 0
				},
				{
					"ty": 2,
					"sc": "#00ffff",
					"refId": "imgSeq_133",
					"ks": {
						"p": { "a": 0, "k": [0, 0] },
						"a": { "a": 0, "k": [0, 0] },
						"s": { "a": 0, "k": [100, 100] },
						"r": { "a": 0, "k": [0] },
						"o": { "a": 0, "k": [100] }
					},
					"ip": 133,
					"st": 133,
					"op": 134,
					"sr": 1,
					"bm": 0
				},
				{
					"ty": 2,
					"sc": "#00ffff",
					"refId": "imgSeq_134",
					"ks": {
						"p": { "a": 0, "k": [0, 0] },
						"a": { "a": 0, "k": [0, 0] },
						"s": { "a": 0, "k": [100, 100] },
						"r": { "a": 0, "k": [0] },
						"o": { "a": 0, "k": [100] }
					},
					"ip": 134,
					"st": 134,
					"op": 135,
					"sr": 1,
					"bm": 0
				},
				{
					"ty": 2,
					"sc": "#00ffff",
					"refId": "imgSeq_135",
					"ks": {
						"p": { "a": 0, "k": [0, 0] },
						"a": { "a": 0, "k": [0, 0] },
						"s": { "a": 0, "k": [100, 100] },
						"r": { "a": 0, "k": [0] },
						"o": { "a": 0, "k": [100] }
					},
					"ip": 135,
					"st": 135,
					"op": 136,
					"sr": 1,
					"bm": 0
				},
				{
					"ty": 2,
					"sc": "#00ffff",
					"refId": "imgSeq_136",
					"ks": {
						"p": { "a": 0, "k": [0, 0] },
						"a": { "a": 0, "k": [0, 0] },
						"s": { "a": 0, "k": [100, 100] },
						"r": { "a": 0, "k": [0] },
						"o": { "a": 0, "k": [100] }
					},
					"ip": 136,
					"st": 136,
					"op": 137,
					"sr": 1,
					"bm": 0
				},
				{
					"ty": 2,
					"sc": "#00ffff",
					"refId": "imgSeq_137",
					"ks": {
						"p": { "a": 0, "k": [0, 0] },
						"a": { "a": 0, "k": [0, 0] },
						"s": { "a": 0, "k": [100, 100] },
						"r": { "a": 0, "k": [0] },
						"o": { "a": 0, "k": [100] }
					},
					"ip": 137,
					"st": 137,
					"op": 138,
					"sr": 1,
					"bm": 0
				},
				{
					"ty": 2,
					"sc": "#00ffff",
					"refId": "imgSeq_138",
					"ks": {
						"p": { "a": 0, "k": [0, 0] },
						"a": { "a": 0, "k": [0, 0] },
						"s": { "a": 0, "k": [100, 100] },
						"r": { "a": 0, "k": [0] },
						"o": { "a": 0, "k": [100] }
					},
					"ip": 138,
					"st": 138,
					"op": 139,
					"sr": 1,
					"bm": 0
				},
				{
					"ty": 2,
					"sc": "#00ffff",
					"refId": "imgSeq_139",
					"ks": {
						"p": { "a": 0, "k": [0, 0] },
						"a": { "a": 0, "k": [0, 0] },
						"s": { "a": 0, "k": [100, 100] },
						"r": { "a": 0, "k": [0] },
						"o": { "a": 0, "k": [100] }
					},
					"ip": 139,
					"st": 139,
					"op": 140,
					"sr": 1,
					"bm": 0
				},
				{
					"ty": 2,
					"sc": "#00ffff",
					"refId": "imgSeq_140",
					"ks": {
						"p": { "a": 0, "k": [0, 0] },
						"a": { "a": 0, "k": [0, 0] },
						"s": { "a": 0, "k": [100, 100] },
						"r": { "a": 0, "k": [0] },
						"o": { "a": 0, "k": [100] }
					},
					"ip": 140,
					"st": 140,
					"op": 142,
					"sr": 1,
					"bm": 0
				}
			]
		}
	],
	"layers": [
		{
			"ddd": 0,
			"ind": 1,
			"ty": 0,
			"nm": "示例_[00000-00140].png",
			"cl": "png",
			"refId": "sequence_0",
			"sr": 1,
			"ks": {
				"o": { "a": 0, "k": 100, "ix": 11 },
				"r": { "a": 0, "k": 0, "ix": 10 },
				"p": { "a": 0, "k": [36, 36, 0], "ix": 2 },
				"a": { "a": 0, "k": [36, 36, 0], "ix": 1 },
				"s": { "a": 0, "k": [100, 100, 100], "ix": 6 }
			},
			"ao": 0,
			"w": 72,
			"h": 72,
			"ip": 0,
			"op": 141,
			"st": 0,
			"bm": 0
		}
	],
	"markers": []
}
