{
	"v": "5.6.10",
	"fr": 25,
	"ip": 0,
	"op": 57,
	"w": 12,
	"h": 12,
	"nm": "文件查看",
	"ddd": 0,
	"assets": [],
	"layers": [
		{
			"ddd": 0,
			"ind": 1,
			"ty": 1,
			"nm": "白色 纯色 2",
			"sr": 1,
			"ks": {
				"o": { "a": 0, "k": 100, "ix": 11 },
				"r": { "a": 0, "k": 0, "ix": 10 },
				"p": { "a": 0, "k": [8.219, 3.325, 0], "ix": 2 },
				"a": { "a": 0, "k": [6, 6, 0], "ix": 1 },
				"s": { "a": 0, "k": [100, 100, 100], "ix": 6 }
			},
			"ao": 0,
			"hasMask": true,
			"masksProperties": [
				{
					"inv": false,
					"mode": "a",
					"pt": {
						"a": 0,
						"k": {
							"i": [
								[0, 0],
								[-0.09, -0.052],
								[-0.31, -0.28],
								[0, 0],
								[-0.163, -0.337],
								[-0.009, -0.021],
								[0, 0],
								[0.438, 0.433],
								[0, 0],
								[0, 1.404]
							],
							"o": [
								[0.096, 0.037],
								[0.176, 0.101],
								[0, 0],
								[0.575, 0.519],
								[0.01, 0.021],
								[0, 0],
								[-1.404, 0],
								[0, 0],
								[-0.433, -0.438],
								[0, 0]
							],
							"v": [
								[4.029, 4.187],
								[4.309, 4.32],
								[4.95, 4.841],
								[6.937, 6.633],
								[7.962, 7.75],
								[7.99, 7.813],
								[7.019, 7.813],
								[4.475, 7.379],
								[4.463, 7.368],
								[4.029, 4.824]
							],
							"c": true
						},
						"ix": 1
					},
					"o": { "a": 0, "k": 100, "ix": 3 },
					"x": { "a": 0, "k": 0, "ix": 4 },
					"nm": "蒙版 1"
				}
			],
			"sw": 12,
			"sh": 12,
			"sc": "#ffffff",
			"ip": 0,
			"op": 3750,
			"st": 0,
			"bm": 0
		},
		{
			"ddd": 0,
			"ind": 2,
			"ty": 1,
			"nm": "白色 纯色 4",
			"sr": 1,
			"ks": {
				"o": {
					"a": 1,
					"k": [
						{ "i": { "x": [0.833], "y": [0.833] }, "o": { "x": [0.167], "y": [0.167] }, "t": 0, "s": [45] },
						{ "i": { "x": [0.833], "y": [0.833] }, "o": { "x": [0.167], "y": [0.167] }, "t": 26, "s": [85] },
						{ "t": 50, "s": [45] }
					],
					"ix": 11
				},
				"r": { "a": 0, "k": 0, "ix": 10 },
				"p": { "a": 0, "k": [6.24, 5.887, 0], "ix": 2 },
				"a": { "a": 0, "k": [6, 6, 0], "ix": 1 },
				"s": { "a": 0, "k": [100, 100, 100], "ix": 6 }
			},
			"ao": 0,
			"hasMask": true,
			"masksProperties": [
				{
					"inv": false,
					"mode": "a",
					"pt": {
						"a": 0,
						"k": {
							"i": [
								[0.418, 0],
								[0.396, -0.192],
								[0.188, -0.389],
								[0, -1.028],
								[0, -0.713],
								[-0.562, -0.562],
								[-1.81, 0],
								[-0.237, 0],
								[-0.545, 0.482],
								[0, 0],
								[0, 1.665],
								[0.141, 0.347],
								[0, 0],
								[0.575, 0.519],
								[0, 0],
								[0.176, 0.102],
								[0.196, 0.042]
							],
							"o": [
								[-1.028, 0],
								[-0.389, 0.188],
								[-0.192, 0.396],
								[0, 0.713],
								[0, 1.81],
								[0.562, 0.562],
								[0.242, 0],
								[1.664, 0],
								[0, 0],
								[0.482, -0.545],
								[0, -0.775],
								[0, 0],
								[-0.163, -0.337],
								[0, 0],
								[-0.31, -0.28],
								[-0.174, -0.1],
								[-0.198, -0.042]
							],
							"v": [
								[4.896, 1.5],
								[2.959, 1.692],
								[2.067, 2.584],
								[1.875, 4.521],
								[1.875, 6.66],
								[2.437, 9.938],
								[5.715, 10.5],
								[6.436, 10.5],
								[9.477, 10.018],
								[9.643, 9.852],
								[10.125, 6.81],
								[9.984, 5.301],
								[9.933, 5.186],
								[8.907, 4.07],
								[6.92, 2.278],
								[6.28, 1.757],
								[5.721, 1.542]
							],
							"c": true
						},
						"ix": 1
					},
					"o": { "a": 0, "k": 100, "ix": 3 },
					"x": { "a": 0, "k": 0, "ix": 4 },
					"nm": "蒙版 1"
				}
			],
			"sw": 12,
			"sh": 12,
			"sc": "#ffffff",
			"ip": 0,
			"op": 3750,
			"st": 0,
			"bm": 0
		}
	],
	"markers": []
}
