{
	"v": "5.6.10",
	"fr": 25,
	"ip": 0,
	"op": 42,
	"w": 20,
	"h": 20,
	"nm": "合成 1",
	"ddd": 0,
	"assets": [],
	"layers": [
		{
			"ddd": 0,
			"ind": 1,
			"ty": 4,
			"nm": "形状图层 3",
			"sr": 1,
			"ks": {
				"o": {
					"a": 1,
					"k": [
						{ "i": { "x": [0.667], "y": [1] }, "o": { "x": [0.333], "y": [0] }, "t": 0, "s": [100] },
						{ "i": { "x": [0.667], "y": [1] }, "o": { "x": [0.333], "y": [0] }, "t": 11, "s": [10] },
						{ "t": 21.2666015625, "s": [100] }
					],
					"ix": 11
				},
				"r": { "a": 0, "k": 0, "ix": 10 },
				"p": {
					"a": 1,
					"k": [
						{
							"i": { "x": 0.667, "y": 1 },
							"o": { "x": 0.333, "y": 0 },
							"t": 0,
							"s": [5.938, 10, 0],
							"to": [0, 0, 0],
							"ti": [0, 0, 0]
						},
						{
							"i": { "x": 0.667, "y": 1 },
							"o": { "x": 0.333, "y": 0 },
							"t": 11,
							"s": [5.938, 8, 0],
							"to": [0, 0, 0],
							"ti": [0, 0, 0]
						},
						{ "t": 21.2666015625, "s": [5.938, 10, 0] }
					],
					"ix": 2
				},
				"a": { "a": 0, "k": [0, 0, 0], "ix": 1 },
				"s": { "a": 0, "k": [100, 100, 100], "ix": 6 }
			},
			"ao": 0,
			"shapes": [
				{
					"ty": "gr",
					"it": [
						{
							"d": 1,
							"ty": "el",
							"s": { "a": 0, "k": [2.57, 2.57], "ix": 2 },
							"p": { "a": 0, "k": [0, 0], "ix": 3 },
							"nm": "椭圆路径 1",
							"mn": "ADBE Vector Shape - Ellipse",
							"hd": false
						},
						{
							"ty": "fl",
							"c": { "a": 0, "k": [1, 1, 1, 1], "ix": 4 },
							"o": { "a": 0, "k": 100, "ix": 5 },
							"r": 1,
							"bm": 0,
							"nm": "填充 1",
							"mn": "ADBE Vector Graphic - Fill",
							"hd": false
						},
						{
							"ty": "tr",
							"p": { "a": 0, "k": [0, -0.031], "ix": 2 },
							"a": { "a": 0, "k": [0, 0], "ix": 1 },
							"s": { "a": 0, "k": [100, 100], "ix": 3 },
							"r": { "a": 0, "k": 0, "ix": 6 },
							"o": { "a": 0, "k": 100, "ix": 7 },
							"sk": { "a": 0, "k": 0, "ix": 4 },
							"sa": { "a": 0, "k": 0, "ix": 5 },
							"nm": "变换"
						}
					],
					"nm": "椭圆 1",
					"np": 3,
					"cix": 2,
					"bm": 0,
					"ix": 1,
					"mn": "ADBE Vector Group",
					"hd": false
				}
			],
			"ip": 0,
			"op": 3750,
			"st": 0,
			"bm": 0
		},
		{
			"ddd": 0,
			"ind": 2,
			"ty": 4,
			"nm": "形状图层 1",
			"sr": 1,
			"ks": {
				"o": {
					"a": 1,
					"k": [
						{ "i": { "x": [0.667], "y": [1] }, "o": { "x": [0.333], "y": [0] }, "t": 5.866, "s": [100] },
						{ "i": { "x": [0.667], "y": [1] }, "o": { "x": [0.333], "y": [0] }, "t": 17, "s": [10] },
						{ "t": 27.1337890625, "s": [100] }
					],
					"ix": 11
				},
				"r": { "a": 0, "k": 0, "ix": 10 },
				"p": {
					"a": 1,
					"k": [
						{
							"i": { "x": 0.667, "y": 1 },
							"o": { "x": 0.333, "y": 0 },
							"t": 5.866,
							"s": [10, 10, 0],
							"to": [0, 0, 0],
							"ti": [0, 0, 0]
						},
						{
							"i": { "x": 0.667, "y": 1 },
							"o": { "x": 0.333, "y": 0 },
							"t": 16.866,
							"s": [10, 8, 0],
							"to": [0, 0, 0],
							"ti": [0, 0, 0]
						},
						{ "t": 27.1337890625, "s": [10, 10, 0] }
					],
					"ix": 2
				},
				"a": { "a": 0, "k": [0, 0, 0], "ix": 1 },
				"s": { "a": 0, "k": [100, 100, 100], "ix": 6 }
			},
			"ao": 0,
			"shapes": [
				{
					"ty": "gr",
					"it": [
						{
							"d": 1,
							"ty": "el",
							"s": { "a": 0, "k": [2.57, 2.57], "ix": 2 },
							"p": { "a": 0, "k": [0, 0], "ix": 3 },
							"nm": "椭圆路径 1",
							"mn": "ADBE Vector Shape - Ellipse",
							"hd": false
						},
						{
							"ty": "fl",
							"c": { "a": 0, "k": [1, 1, 1, 1], "ix": 4 },
							"o": { "a": 0, "k": 100, "ix": 5 },
							"r": 1,
							"bm": 0,
							"nm": "填充 1",
							"mn": "ADBE Vector Graphic - Fill",
							"hd": false
						},
						{
							"ty": "tr",
							"p": { "a": 0, "k": [0, -0.031], "ix": 2 },
							"a": { "a": 0, "k": [0, 0], "ix": 1 },
							"s": { "a": 0, "k": [100, 100], "ix": 3 },
							"r": { "a": 0, "k": 0, "ix": 6 },
							"o": { "a": 0, "k": 100, "ix": 7 },
							"sk": { "a": 0, "k": 0, "ix": 4 },
							"sa": { "a": 0, "k": 0, "ix": 5 },
							"nm": "变换"
						}
					],
					"nm": "椭圆 1",
					"np": 3,
					"cix": 2,
					"bm": 0,
					"ix": 1,
					"mn": "ADBE Vector Group",
					"hd": false
				}
			],
			"ip": 0,
			"op": 3750,
			"st": 0,
			"bm": 0
		},
		{
			"ddd": 0,
			"ind": 3,
			"ty": 4,
			"nm": "形状图层 2",
			"sr": 1,
			"ks": {
				"o": {
					"a": 1,
					"k": [
						{ "i": { "x": [0.667], "y": [1] }, "o": { "x": [0.333], "y": [0] }, "t": 11.733, "s": [100] },
						{ "i": { "x": [0.667], "y": [1] }, "o": { "x": [0.333], "y": [0] }, "t": 23, "s": [10] },
						{ "t": 33, "s": [100] }
					],
					"ix": 11
				},
				"r": { "a": 0, "k": 0, "ix": 10 },
				"p": {
					"a": 1,
					"k": [
						{
							"i": { "x": 0.667, "y": 1 },
							"o": { "x": 0.333, "y": 0 },
							"t": 11.733,
							"s": [14.062, 10, 0],
							"to": [0, 0, 0],
							"ti": [0, 0, 0]
						},
						{
							"i": { "x": 0.667, "y": 1 },
							"o": { "x": 0.333, "y": 0 },
							"t": 22.733,
							"s": [14.062, 8, 0],
							"to": [0, 0, 0],
							"ti": [0, 0, 0]
						},
						{ "t": 33, "s": [14.062, 10, 0] }
					],
					"ix": 2
				},
				"a": { "a": 0, "k": [0, 0, 0], "ix": 1 },
				"s": { "a": 0, "k": [100, 100, 100], "ix": 6 }
			},
			"ao": 0,
			"shapes": [
				{
					"ty": "gr",
					"it": [
						{
							"d": 1,
							"ty": "el",
							"s": { "a": 0, "k": [2.57, 2.57], "ix": 2 },
							"p": { "a": 0, "k": [0, 0], "ix": 3 },
							"nm": "椭圆路径 1",
							"mn": "ADBE Vector Shape - Ellipse",
							"hd": false
						},
						{
							"ty": "fl",
							"c": { "a": 0, "k": [1, 1, 1, 1], "ix": 4 },
							"o": { "a": 0, "k": 100, "ix": 5 },
							"r": 1,
							"bm": 0,
							"nm": "填充 1",
							"mn": "ADBE Vector Graphic - Fill",
							"hd": false
						},
						{
							"ty": "tr",
							"p": { "a": 0, "k": [0, -0.031], "ix": 2 },
							"a": { "a": 0, "k": [0, 0], "ix": 1 },
							"s": { "a": 0, "k": [100, 100], "ix": 3 },
							"r": { "a": 0, "k": 0, "ix": 6 },
							"o": { "a": 0, "k": 100, "ix": 7 },
							"sk": { "a": 0, "k": 0, "ix": 4 },
							"sa": { "a": 0, "k": 0, "ix": 5 },
							"nm": "变换"
						}
					],
					"nm": "椭圆 1",
					"np": 3,
					"cix": 2,
					"bm": 0,
					"ix": 1,
					"mn": "ADBE Vector Group",
					"hd": false
				}
			],
			"ip": 0,
			"op": 3750,
			"st": 0,
			"bm": 0
		}
	],
	"markers": []
}
