{
	"v": "5.6.10",
	"fr": 25,
	"ip": 0,
	"op": 72,
	"w": 12,
	"h": 12,
	"nm": "thinking",
	"ddd": 0,
	"assets": [],
	"layers": [
		{
			"ddd": 0,
			"ind": 1,
			"ty": 1,
			"nm": "白色 纯色 1",
			"sr": 1,
			"ks": {
				"o": {
					"a": 1,
					"k": [
						{ "i": { "x": [0.833], "y": [0.833] }, "o": { "x": [0.167], "y": [0.167] }, "t": 0, "s": [45] },
						{ "i": { "x": [0.833], "y": [0.833] }, "o": { "x": [0.167], "y": [0.167] }, "t": 26, "s": [100] },
						{ "t": 50, "s": [45] }
					],
					"ix": 11
				},
				"r": { "a": 0, "k": 0, "ix": 10 },
				"p": { "a": 0, "k": [6, 6, 0], "ix": 2 },
				"a": { "a": 0, "k": [6, 6, 0], "ix": 1 },
				"s": { "a": 0, "k": [100, 100, 100], "ix": 6 }
			},
			"ao": 0,
			"hasMask": true,
			"masksProperties": [
				{
					"inv": false,
					"mode": "a",
					"pt": {
						"a": 0,
						"k": {
							"i": [
								[0, 0],
								[0, -0.242],
								[0.228, -0.047],
								[0, 0],
								[0, 0],
								[0, 0.276],
								[-0.276, 0],
								[0, 0]
							],
							"o": [
								[0.228, 0.047],
								[0, 0.241],
								[0, 0],
								[0, 0],
								[-0.276, 0],
								[0, -0.276],
								[0, 0],
								[0, 0]
							],
							"v": [
								[6.768, 10.085],
								[7.167, 10.575],
								[6.768, 11.065],
								[6.667, 11.075],
								[5.333, 11.075],
								[4.833, 10.575],
								[5.333, 10.075],
								[6.667, 10.075]
							],
							"c": true
						},
						"ix": 1
					},
					"o": { "a": 0, "k": 100, "ix": 3 },
					"x": { "a": 0, "k": 0, "ix": 4 },
					"nm": "蒙版 1"
				},
				{
					"inv": false,
					"mode": "a",
					"pt": {
						"a": 0,
						"k": {
							"i": [
								[0, 0],
								[0, -0.276],
								[0.276, 0],
								[0, 0],
								[0, 0.276],
								[-0.276, 0]
							],
							"o": [
								[0.276, 0],
								[0, 0.276],
								[0, 0],
								[-0.276, 0],
								[0, -0.276],
								[0, 0]
							],
							"v": [
								[7, 8.825],
								[7.5, 9.325],
								[7, 9.825],
								[5, 9.825],
								[4.5, 9.325],
								[5, 8.825]
							],
							"c": true
						},
						"ix": 1
					},
					"o": { "a": 0, "k": 100, "ix": 3 },
					"x": { "a": 0, "k": 0, "ix": 4 },
					"nm": "蒙版 2"
				},
				{
					"inv": false,
					"mode": "a",
					"pt": {
						"a": 0,
						"k": {
							"i": [
								[-1.933, 0],
								[0, -1.706],
								[0, 0],
								[0.77, -0.731],
								[0, 0],
								[0, -0.213],
								[0.319, 0],
								[0, 0],
								[0, 0.319],
								[0.155, 0.146],
								[0, 0],
								[0.004, 0.998],
								[0, 0]
							],
							"o": [
								[1.933, 0],
								[0, 0],
								[-0.004, 0.998],
								[0, 0],
								[-0.155, 0.146],
								[0, 0.319],
								[0, 0],
								[-0.319, 0],
								[0, -0.213],
								[0, 0],
								[-0.77, -0.731],
								[0, 0],
								[0, -1.706]
							],
							"v": [
								[6, 0.925],
								[9.5, 4.034],
								[9.5, 4.076],
								[8.295, 6.765],
								[7.743, 7.284],
								[7.5, 7.847],
								[6.922, 8.425],
								[5.078, 8.425],
								[4.5, 7.847],
								[4.257, 7.284],
								[3.705, 6.765],
								[2.5, 4.076],
								[2.5, 4.034]
							],
							"c": true
						},
						"ix": 1
					},
					"o": { "a": 0, "k": 100, "ix": 3 },
					"x": { "a": 0, "k": 0, "ix": 4 },
					"nm": "蒙版 3"
				}
			],
			"sw": 12,
			"sh": 12,
			"sc": "#ffffff",
			"ip": 0,
			"op": 3750,
			"st": 0,
			"bm": 0
		}
	],
	"markers": []
}
